SAMPLE,SUBSPECIES,X,Y,POPULATION,WIND12,WIND11,WIND10,WIND09,WIND08,WIND07,WIND06,WIND05,WIND04,WIND03,WIND02,WIND01,VAPR12,VAPR11,VAPR10,VAPR09,VAPR08,VAPR07,VAPR06,VAPR05,VAPR04,VAPR03,VAPR02,VAPR01,TMIN12,TMIN11,TMIN10,TMIN09,TMIN08,TMIN07,TMIN06,TMIN05,TMIN04,TMIN03,TMIN02,TMIN01,TMAX12,TMAX11,TMAX10,TMAX09,TMAX08,TMAX07,TMAX06,TMAX05,TMAX04,TMAX03,TMAX02,TMAX01,TAVG12,TAVG11,TAVG10,TAVG09,TAVG08,TAVG07,TAVG06,TAVG05,TAVG04,TAVG03,TAVG02,TAVG01,ELEVATION,SRAD12,SRAD11,SRAD10,SRAD09,SRAD08,SRAD07,SRAD06,SRAD05,SRAD04,SRAD03,SRAD02,SRAD01,SNDPPT,SLTPPT,SLOPE,ROUGHNESS,PREC12,PREC11,PREC10,PREC09,PREC08,PREC07,PREC06,PREC05,PREC04,PREC03,PREC02,PREC01,PHIKCL,ORCDRC,NITROGEN,ET0,CLYPPT,CECSOL,BLDFIE,BIO19,BIO18,BIO17,BIO16,BIO15,BIO14,BIO13,BIO12,BIO11,BIO10,BIO09,BIO08,BIO07,BIO06,BIO05,BIO04,BIO03,BIO02,BIO01,ASPECT,AIET0
BD01,longinux,121.53,24.8525,BD,3.6,4.5,2.8,3.1,2.8,3.7,3.2,3.1,3.1,2.9,3.3,3.5,1.21,1.54,1.91,2.28,2.52,2.53,2.39,2.05,1.66,1.36,1.16,1.13,10.1,14.1,17.5,19.6,21,21.3,19.4,17.3,14.6,10.9,9.4,8.2,15.7,19.7,23,25.2,26.5,26.8,25.3,23.1,20.4,16.7,15.2,14,12.9,16.9,20.2,22.4,23.7,24.1,22.4,20.2,17.5,13.8,12.3,11.1,797.77819,9228,10928,13724,17325,19739,21051,18216,17073,15479,12756,10985,9542,42.37338,34.1365,25.54318,26.37897,135,157,307,427,418,321,305,271,165,178,144,125,40.68221,38.62447,1.75279,1185.00004,29.53271,23.44401,1209.60281,404,1166,404,1166,44.38018,125,427,2953,12.1,23.4,12.1,23.4,18.6,8.2,26.8,469.88634,30.55556,5.68333,18.125,153.48032,24917
BD02,longinux,121.53,24.8528,BD,3.6,4.5,2.8,3.1,2.8,3.7,3.2,3.1,3.1,2.9,3.3,3.5,1.21,1.54,1.91,2.28,2.52,2.53,2.39,2.05,1.66,1.36,1.16,1.13,10.1,14.1,17.5,19.6,21,21.3,19.4,17.3,14.6,10.9,9.4,8.2,15.7,19.7,23,25.2,26.5,26.8,25.3,23.1,20.4,16.7,15.2,14,12.9,16.9,20.2,22.4,23.7,24.1,22.4,20.2,17.5,13.8,12.3,11.1,797.77819,9228,10928,13724,17325,19739,21051,18216,17073,15479,12756,10985,9542,42.37338,34.1365,25.54318,26.37897,135,157,307,427,418,321,305,271,165,178,144,125,40.68221,38.62447,1.75279,1185.00004,29.53271,23.44401,1209.60281,404,1166,404,1166,44.38018,125,427,2953,12.1,23.4,12.1,23.4,18.6,8.2,26.8,469.88634,30.55556,5.68333,18.125,153.48032,24917
BD03,longinux,121.5286,24.8531,BD,3.6,4.5,2.8,3.1,2.8,3.7,3.2,3.1,3.1,2.9,3.3,3.5,1.21,1.54,1.91,2.28,2.52,2.53,2.39,2.05,1.66,1.36,1.16,1.13,10.1,14.1,17.5,19.6,21,21.3,19.4,17.3,14.6,10.9,9.4,8.2,15.7,19.7,23,25.2,26.5,26.8,25.3,23.1,20.4,16.7,15.2,14,12.9,16.9,20.2,22.4,23.7,24.1,22.4,20.2,17.5,13.8,12.3,11.1,797.77819,9228,10928,13724,17325,19739,21051,18216,17073,15479,12756,10985,9542,42.37338,34.1365,25.54318,26.37897,135,157,307,427,418,321,305,271,165,178,144,125,40.68221,38.62447,1.75279,1185.00004,29.53271,23.44401,1209.60281,404,1166,404,1166,44.38018,125,427,2953,12.1,23.4,12.1,23.4,18.6,8.2,26.8,469.88634,30.55556,5.68333,18.125,153.48032,24917
BD04,longinux,121.5256,24.8544,BD,3.6,4.5,2.8,3.1,2.8,3.7,3.2,3.1,3.1,2.9,3.3,3.5,1.21,1.54,1.91,2.28,2.52,2.53,2.39,2.05,1.66,1.36,1.16,1.13,10.1,14.1,17.5,19.6,21,21.3,19.4,17.3,14.6,10.9,9.4,8.2,15.7,19.7,23,25.2,26.5,26.8,25.3,23.1,20.4,16.7,15.2,14,12.9,16.9,20.2,22.4,23.7,24.1,22.4,20.2,17.5,13.8,12.3,11.1,797.77819,9228,10928,13724,17325,19739,21051,18216,17073,15479,12756,10985,9542,42.37338,34.1365,25.54318,26.37897,135,157,307,427,418,321,305,271,165,178,144,125,40.68221,38.62447,1.75279,1185.00004,29.53271,23.44401,1209.60281,404,1166,404,1166,44.38018,125,427,2953,12.1,23.4,12.1,23.4,18.6,8.2,26.8,469.88634,30.55556,5.68333,18.125,153.48032,24917
BD07,longinux,121.5228,24.855,BD,3.8,4.7,2.8,3.1,2.9,3.9,3.2,3.2,3.2,2.9,3.4,3.6,1.17,1.49,1.85,2.22,2.46,2.47,2.33,1.99,1.61,1.31,1.12,1.09,9.7,13.6,16.9,19.1,20.4,20.7,19,16.9,14.2,10.5,9,7.8,15.3,19.3,22.6,24.7,26.1,26.4,24.7,22.6,19.9,16.2,14.7,13.5,12.5,16.5,19.8,21.9,23.2,23.5,21.9,19.7,17.1,13.4,11.9,10.7,879.2468,9200,10904,13694,17286,19670,20932,18165,17045,15458,12728,10974,9508,43.39399,34.08559,31.52624,33.80577,135,153,300,424,423,320,306,268,163,175,142,127,40.65577,45.53732,1.86674,1173.00007,28.92998,24.15115,1184.38284,404,1167,404,1167,44.81725,127,424,2936,11.66667,22.9,11.66667,22.9,18.6,7.8,26.4,467.23964,30.55556,5.68333,17.65833,158.09766,25028
BD08,longinux,121.5239,24.8553,BD,3.8,4.7,2.8,3.1,2.9,3.9,3.2,3.2,3.2,2.9,3.4,3.6,1.17,1.49,1.85,2.22,2.46,2.47,2.33,1.99,1.61,1.31,1.12,1.09,9.7,13.6,16.9,19.1,20.4,20.7,19,16.9,14.2,10.5,9,7.8,15.3,19.3,22.6,24.7,26.1,26.4,24.7,22.6,19.9,16.2,14.7,13.5,12.5,16.5,19.8,21.9,23.2,23.5,21.9,19.7,17.1,13.4,11.9,10.7,879.2468,9200,10904,13694,17286,19670,20932,18165,17045,15458,12728,10974,9508,43.39399,34.08559,31.52624,33.80577,135,153,300,424,423,320,306,268,163,175,142,127,40.65577,45.53732,1.86674,1173.00007,28.92998,24.15115,1184.38284,404,1167,404,1167,44.81725,127,424,2936,11.66667,22.9,11.66667,22.9,18.6,7.8,26.4,467.23964,30.55556,5.68333,17.65833,158.09766,25028
BDY01,longinux,121.1453,24.0792,BDY,3.3,3.4,2.6,3.7,3.6,3.5,3.5,3.9,3.3,3.2,4,4,0.95,1.2,1.5,1.77,1.94,1.92,1.86,1.64,1.34,1.11,0.95,0.89,6.1,9.5,12.4,14.2,15,15.3,14.7,13,10.7,7.7,5.8,4.7,13.5,17,19.9,21.7,22.5,22.7,21.4,19.8,17.5,14.5,12.6,11.5,9.8,13.2,16.1,18,18.7,19,18.1,16.4,14.1,11.1,9.2,8.1,1580.5914,10203,12194,15036,17838,19352,20504,18362,17260,15743,13511,11900,10364,39.46378,31.83761,34.55793,38.15518,57,54,95,242,346,363,338,330,227,218,120,72,41.32329,17.49168,2.13073,1115.00012,28.6673,21.61912,1268.66916,249,1047,183,1047,58.84481,54,363,2462,9.03333,18.6,10.38333,18.6,18,4.7,22.7,396.79087,39.58333,7.125,14.32083,187.79891,22070
BDY02,longinux,121.1453,24.0793,BDY,3.3,3.4,2.6,3.7,3.6,3.5,3.5,3.9,3.3,3.2,4,4,0.95,1.2,1.5,1.77,1.94,1.92,1.86,1.64,1.34,1.11,0.95,0.89,6.1,9.5,12.4,14.2,15,15.3,14.7,13,10.7,7.7,5.8,4.7,13.5,17,19.9,21.7,22.5,22.7,21.4,19.8,17.5,14.5,12.6,11.5,9.8,13.2,16.1,18,18.7,19,18.1,16.4,14.1,11.1,9.2,8.1,1580.5914,10203,12194,15036,17838,19352,20504,18362,17260,15743,13511,11900,10364,39.46378,31.83761,34.55793,38.15518,57,54,95,242,346,363,338,330,227,218,120,72,41.32329,17.49168,2.13073,1115.00012,28.6673,21.61912,1268.66916,249,1047,183,1047,58.84481,54,363,2462,9.03333,18.6,10.38333,18.6,18,4.7,22.7,396.79087,39.58333,7.125,14.32083,187.79891,22070
BDY03,longinux,121.145,24.08,BDY,3.3,3.4,2.6,3.7,3.6,3.5,3.5,3.9,3.3,3.2,4,4,0.95,1.2,1.5,1.77,1.94,1.92,1.86,1.64,1.34,1.11,0.95,0.89,6.1,9.5,12.4,14.2,15,15.3,14.7,13,10.7,7.7,5.8,4.7,13.5,17,19.9,21.7,22.5,22.7,21.4,19.8,17.5,14.5,12.6,11.5,9.8,13.2,16.1,18,18.7,19,18.1,16.4,14.1,11.1,9.2,8.1,1580.5914,10203,12194,15036,17838,19352,20504,18362,17260,15743,13511,11900,10364,39.46378,31.83761,34.55793,38.15518,57,54,95,242,346,363,338,330,227,218,120,72,41.32329,17.49168,2.13073,1115.00012,28.6673,21.61912,1268.66916,249,1047,183,1047,58.84481,54,363,2462,9.03333,18.6,10.38333,18.6,18,4.7,22.7,396.79087,39.58333,7.125,14.32083,187.79891,22070
BDY04,longinux,121.1456,24.0811,BDY,3.3,3.4,2.6,3.7,3.6,3.5,3.5,3.9,3.3,3.2,4,4,0.95,1.2,1.5,1.77,1.94,1.92,1.86,1.64,1.34,1.11,0.95,0.89,6.1,9.5,12.4,14.2,15,15.3,14.7,13,10.7,7.7,5.8,4.7,13.5,17,19.9,21.7,22.5,22.7,21.4,19.8,17.5,14.5,12.6,11.5,9.8,13.2,16.1,18,18.7,19,18.1,16.4,14.1,11.1,9.2,8.1,1580.5914,10203,12194,15036,17838,19352,20504,18362,17260,15743,13511,11900,10364,39.46378,31.83761,34.55793,38.15518,57,54,95,242,346,363,338,330,227,218,120,72,41.32329,17.49168,2.13073,1115.00012,28.6673,21.61912,1268.66916,249,1047,183,1047,58.84481,54,363,2462,9.03333,18.6,10.38333,18.6,18,4.7,22.7,396.79087,39.58333,7.125,14.32083,187.79891,22070
BDY05,longinux,121.1453,24.0794,BDY,3.3,3.4,2.6,3.7,3.6,3.5,3.5,3.9,3.3,3.2,4,4,0.95,1.2,1.5,1.77,1.94,1.92,1.86,1.64,1.34,1.11,0.95,0.89,6.1,9.5,12.4,14.2,15,15.3,14.7,13,10.7,7.7,5.8,4.7,13.5,17,19.9,21.7,22.5,22.7,21.4,19.8,17.5,14.5,12.6,11.5,9.8,13.2,16.1,18,18.7,19,18.1,16.4,14.1,11.1,9.2,8.1,1580.5914,10203,12194,15036,17838,19352,20504,18362,17260,15743,13511,11900,10364,39.46378,31.83761,34.55793,38.15518,57,54,95,242,346,363,338,330,227,218,120,72,41.32329,17.49168,2.13073,1115.00012,28.6673,21.61912,1268.66916,249,1047,183,1047,58.84481,54,363,2462,9.03333,18.6,10.38333,18.6,18,4.7,22.7,396.79087,39.58333,7.125,14.32083,187.79891,22070
BL01,purple,121.5189,24.5303,TP,4.2,5.5,3.9,3.5,3.4,3.5,3.7,3.5,3.4,3.3,3.9,3.9,1.08,1.37,1.7,2.03,2.25,2.25,2.13,1.85,1.49,1.23,1.05,1,8,11.8,14.7,16.7,17.9,18.2,17.2,15.2,12.8,9.4,7.5,6.4,14.4,18.2,21.1,23.1,24.4,24.6,23.1,21.1,18.6,15.3,13.3,12.3,11.2,15,17.9,19.9,21.2,21.4,20.2,18.1,15.7,12.3,10.4,9.3,1198.7323,9395,11036,13831,17205,19231,20329,18151,17099,15561,12929,11173,9752,38.63153,35.67607,32.47559,33.52782,128,147,294,395,362,326,279,242,158,161,132,120,39.06044,48.97946,1.56985,1104.99985,26.4017,20.09714,1190.36971,380,967,380,1083,43.42774,120,395,2744,10.31667,20.9,10.31667,20.81667,18.2,6.4,24.6,436.25191,33.74542,6.14167,16.05417,151.26103,24817
BL02,purple,121.5183,24.5306,TP,4.2,5.5,3.9,3.5,3.4,3.5,3.7,3.5,3.4,3.3,3.9,3.9,1.08,1.37,1.7,2.03,2.25,2.25,2.13,1.85,1.49,1.23,1.05,1,8,11.8,14.7,16.7,17.9,18.2,17.2,15.2,12.8,9.4,7.5,6.4,14.4,18.2,21.1,23.1,24.4,24.6,23.1,21.1,18.6,15.3,13.3,12.3,11.2,15,17.9,19.9,21.2,21.4,20.2,18.1,15.7,12.3,10.4,9.3,1198.7323,9395,11036,13831,17205,19231,20329,18151,17099,15561,12929,11173,9752,38.63153,35.67607,32.47559,33.52782,128,147,294,395,362,326,279,242,158,161,132,120,39.06044,48.97946,1.56985,1104.99985,26.4017,20.09714,1190.36971,380,967,380,1083,43.42774,120,395,2744,10.31667,20.9,10.31667,20.81667,18.2,6.4,24.6,436.25191,33.74542,6.14167,16.05417,151.26103,24817
BL03,purple,121.5189,24.5314,TP,4.2,5.5,3.9,3.5,3.4,3.5,3.7,3.5,3.4,3.3,3.9,3.9,1.08,1.37,1.7,2.03,2.25,2.25,2.13,1.85,1.49,1.23,1.05,1,8,11.8,14.7,16.7,17.9,18.2,17.2,15.2,12.8,9.4,7.5,6.4,14.4,18.2,21.1,23.1,24.4,24.6,23.1,21.1,18.6,15.3,13.3,12.3,11.2,15,17.9,19.9,21.2,21.4,20.2,18.1,15.7,12.3,10.4,9.3,1198.7323,9395,11036,13831,17205,19231,20329,18151,17099,15561,12929,11173,9752,38.63153,35.67607,32.47559,33.52782,128,147,294,395,362,326,279,242,158,161,132,120,39.06044,48.97946,1.56985,1104.99985,26.4017,20.09714,1190.36971,380,967,380,1083,43.42774,120,395,2744,10.31667,20.9,10.31667,20.81667,18.2,6.4,24.6,436.25191,33.74542,6.14167,16.05417,151.26103,24817
BL04,purple,121.5186,24.5317,TP,4.2,5.5,3.9,3.5,3.4,3.5,3.7,3.5,3.4,3.3,3.9,3.9,1.08,1.37,1.7,2.03,2.25,2.25,2.13,1.85,1.49,1.23,1.05,1,8,11.8,14.7,16.7,17.9,18.2,17.2,15.2,12.8,9.4,7.5,6.4,14.4,18.2,21.1,23.1,24.4,24.6,23.1,21.1,18.6,15.3,13.3,12.3,11.2,15,17.9,19.9,21.2,21.4,20.2,18.1,15.7,12.3,10.4,9.3,1198.7323,9395,11036,13831,17205,19231,20329,18151,17099,15561,12929,11173,9752,38.63153,35.67607,32.47559,33.52782,128,147,294,395,362,326,279,242,158,161,132,120,39.06044,48.97946,1.56985,1104.99985,26.4017,20.09714,1190.36971,380,967,380,1083,43.42774,120,395,2744,10.31667,20.9,10.31667,20.81667,18.2,6.4,24.6,436.25191,33.74542,6.14167,16.05417,151.26103,24817
BX01,longinux,121.4175,24.7983,BX,3.4,3,3.7,2.9,3.1,3.1,2.9,2.8,3.2,3,3.8,3.8,1.16,1.48,1.83,2.19,2.43,2.43,2.3,1.98,1.6,1.31,1.12,1.08,9,13,16.1,18.1,19.3,19.6,18.3,16,13.3,9.8,8.1,7,15.2,19.2,22.2,24.3,25.5,25.7,24.5,22.2,19.5,16,14.2,13.1,12.1,16.1,19.1,21.2,22.4,22.6,21.4,19.1,16.4,12.9,11.2,10.1,942.70285,9763,11634,14384,17464,19447,20555,18116,17099,15500,12895,11322,9995,40.97293,32.08682,24.99673,25.39577,105,118,243,394,440,337,317,271,165,177,133,105,39.97442,35.07487,1.11009,1124.99994,27.21226,19.55982,1202.915,343,1094,328,1171,50.06371,105,440,2805,11.1,22.15,12.75,22.08333,18.7,7,25.7,458.85232,32.97683,6.16667,17.05,225.38641,24925
BX02,longinux,121.4172,24.7981,BX,3.4,3,3.7,2.9,3.1,3.1,2.9,2.8,3.2,3,3.8,3.8,1.16,1.48,1.83,2.19,2.43,2.43,2.3,1.98,1.6,1.31,1.12,1.08,9,13,16.1,18.1,19.3,19.6,18.3,16,13.3,9.8,8.1,7,15.2,19.2,22.2,24.3,25.5,25.7,24.5,22.2,19.5,16,14.2,13.1,12.1,16.1,19.1,21.2,22.4,22.6,21.4,19.1,16.4,12.9,11.2,10.1,942.70285,9763,11634,14384,17464,19447,20555,18116,17099,15500,12895,11322,9995,40.97293,32.08682,24.99673,25.39577,105,118,243,394,440,337,317,271,165,177,133,105,39.97442,35.07487,1.11009,1124.99994,27.21226,19.55982,1202.915,343,1094,328,1171,50.06371,105,440,2805,11.1,22.15,12.75,22.08333,18.7,7,25.7,458.85232,32.97683,6.16667,17.05,225.38641,24925
BX04,longinux,121.4214,24.7972,BX,3.4,3,3.7,2.9,3.1,3.1,2.9,2.8,3.2,3,3.8,3.8,1.16,1.48,1.83,2.19,2.43,2.43,2.3,1.98,1.6,1.31,1.12,1.08,9,13,16.1,18.1,19.3,19.6,18.3,16,13.3,9.8,8.1,7,15.2,19.2,22.2,24.3,25.5,25.7,24.5,22.2,19.5,16,14.2,13.1,12.1,16.1,19.1,21.2,22.4,22.6,21.4,19.1,16.4,12.9,11.2,10.1,942.70285,9763,11634,14384,17464,19447,20555,18116,17099,15500,12895,11322,9995,40.97293,32.08682,24.99673,25.39577,105,118,243,394,440,337,317,271,165,177,133,105,39.97442,35.07487,1.11009,1124.99994,27.21226,19.55982,1202.915,343,1094,328,1171,50.06371,105,440,2805,11.1,22.15,12.75,22.08333,18.7,7,25.7,458.85232,32.97683,6.16667,17.05,225.38641,24925
BX12,longinux,121.4272,24.7942,BX,3.6,3.4,3.7,3.1,3.3,3.1,3.1,3.3,3.6,3.1,4.1,4.2,1.08,1.38,1.72,2.07,2.3,2.3,2.17,1.86,1.49,1.22,1.05,1,8.1,12,14.9,17,18.2,18.4,17.4,15.2,12.5,9.2,7.3,6.2,14.3,18.2,21.2,23.3,24.4,24.7,23.3,21.1,18.4,15.1,13.2,12.1,11.2,15.1,18,20.1,21.3,21.5,20.3,18.1,15.5,12.1,10.2,9.2,1131.1786,9653,11500,14254,17337,19306,20313,18000,17014,15430,12806,11263,9872,40.75004,32.96948,23.54539,23.45203,107,117,239,392,439,329,321,254,161,168,129,108,39.92352,46.3865,1.09687,1094.99999,26.64091,21.80065,1200.69711,344,1089,332,1160,50.5212,107,439,2764,10.2,21.06667,11.81667,21,18.5,6.2,24.7,450.01241,32.83784,6.075,16.07083,238.54831,25241
BX13,longinux,121.4275,24.7943,BX,3.6,3.4,3.7,3.1,3.3,3.1,3.1,3.3,3.6,3.1,4.1,4.2,1.08,1.38,1.72,2.07,2.3,2.3,2.17,1.86,1.49,1.22,1.05,1,8.1,12,14.9,17,18.2,18.4,17.4,15.2,12.5,9.2,7.3,6.2,14.3,18.2,21.2,23.3,24.4,24.7,23.3,21.1,18.4,15.1,13.2,12.1,11.2,15.1,18,20.1,21.3,21.5,20.3,18.1,15.5,12.1,10.2,9.2,1131.1786,9653,11500,14254,17337,19306,20313,18000,17014,15430,12806,11263,9872,40.75004,32.96948,23.54539,23.45203,107,117,239,392,439,329,321,254,161,168,129,108,39.92352,46.3865,1.09687,1094.99999,26.64091,21.80065,1200.69711,344,1089,332,1160,50.5212,107,439,2764,10.2,21.06667,11.81667,21,18.5,6.2,24.7,450.01241,32.83784,6.075,16.07083,238.54831,25241
CK01,longinux,121.3864,23.3719,CK,4.9,5.9,5.1,3.6,3.9,3.5,4.4,3.6,4.2,4.8,6,5.1,1.37,1.68,2.04,2.37,2.56,2.58,2.47,2.21,1.86,1.57,1.35,1.29,13,16.1,18.9,20.2,20.9,21.4,20.5,19,16.9,14.2,12.3,11.7,18.4,21.6,24.3,25.7,26.4,26.8,26,24.5,22.4,19.7,17.8,17.2,15.7,18.9,21.6,23,23.7,24.1,23.2,21.8,19.7,16.9,15,14.4,806.195,9955,11742,14545,17585,19286,20613,18861,17978,16428,14023,11877,10318,39.45664,30.64102,26.97562,29.89465,78,90,218,319,290,320,232,270,123,98,82,67,42.19937,15.17633,1.00469,1329.00011,30.37317,23.13312,1184.53051,227,842,227,929,55.56778,67,320,2187,15.06667,23.66667,15.06667,23.56667,15.1,11.7,26.8,355.74798,36.25828,5.475,19.82917,188.77077,16445
CK02,longinux,121.3867,23.3725,CK,4.9,5.9,5.1,3.6,3.9,3.5,4.4,3.6,4.2,4.8,6,5.1,1.37,1.68,2.04,2.37,2.56,2.58,2.47,2.21,1.86,1.57,1.35,1.29,13,16.1,18.9,20.2,20.9,21.4,20.5,19,16.9,14.2,12.3,11.7,18.4,21.6,24.3,25.7,26.4,26.8,26,24.5,22.4,19.7,17.8,17.2,15.7,18.9,21.6,23,23.7,24.1,23.2,21.8,19.7,16.9,15,14.4,806.195,9955,11742,14545,17585,19286,20613,18861,17978,16428,14023,11877,10318,39.45664,30.64102,26.97562,29.89465,78,90,218,319,290,320,232,270,123,98,82,67,42.19937,15.17633,1.00469,1329.00011,30.37317,23.13312,1184.53051,227,842,227,929,55.56778,67,320,2187,15.06667,23.66667,15.06667,23.56667,15.1,11.7,26.8,355.74798,36.25828,5.475,19.82917,188.77077,16445
CK03,longinux,121.3867,23.3726,CK,4.9,5.9,5.1,3.6,3.9,3.5,4.4,3.6,4.2,4.8,6,5.1,1.37,1.68,2.04,2.37,2.56,2.58,2.47,2.21,1.86,1.57,1.35,1.29,13,16.1,18.9,20.2,20.9,21.4,20.5,19,16.9,14.2,12.3,11.7,18.4,21.6,24.3,25.7,26.4,26.8,26,24.5,22.4,19.7,17.8,17.2,15.7,18.9,21.6,23,23.7,24.1,23.2,21.8,19.7,16.9,15,14.4,806.195,9955,11742,14545,17585,19286,20613,18861,17978,16428,14023,11877,10318,39.45664,30.64102,26.97562,29.89465,78,90,218,319,290,320,232,270,123,98,82,67,42.19937,15.17633,1.00469,1329.00011,30.37317,23.13312,1184.53051,227,842,227,929,55.56778,67,320,2187,15.06667,23.66667,15.06667,23.56667,15.1,11.7,26.8,355.74798,36.25828,5.475,19.82917,188.77077,16445
CK05,longinux,121.3856,23.3708,CK,4.9,5.9,5.1,3.6,3.9,3.5,4.4,3.6,4.2,4.8,6,5.1,1.37,1.68,2.04,2.37,2.56,2.58,2.47,2.21,1.86,1.57,1.35,1.29,13,16.1,18.9,20.2,20.9,21.4,20.5,19,16.9,14.2,12.3,11.7,18.4,21.6,24.3,25.7,26.4,26.8,26,24.5,22.4,19.7,17.8,17.2,15.7,18.9,21.6,23,23.7,24.1,23.2,21.8,19.7,16.9,15,14.4,806.195,9955,11742,14545,17585,19286,20613,18861,17978,16428,14023,11877,10318,39.45664,30.64102,26.97562,29.89465,78,90,218,319,290,320,232,270,123,98,82,67,42.19937,15.17633,1.00469,1329.00011,30.37317,23.13312,1184.53051,227,842,227,929,55.56778,67,320,2187,15.06667,23.66667,15.06667,23.56667,15.1,11.7,26.8,355.74798,36.25828,5.475,19.82917,188.77077,16445
CK07,longinux,121.3833,23.3681,CK,4.4,5.7,4.8,3.3,3.7,3.4,4.2,3.4,4,4.4,4.6,4.8,1.42,1.74,2.1,2.43,2.62,2.65,2.54,2.27,1.92,1.63,1.4,1.33,13.5,16.7,19.4,20.8,21.6,22.1,20.9,19.4,17.3,14.7,12.7,12,19.1,22.3,25,26.4,27.2,27.7,26.9,25.5,23.4,20.7,18.7,18.1,16.3,19.5,22.2,23.6,24.4,24.9,23.9,22.4,20.4,17.7,15.7,15.1,666.99211,10052,11836,14636,17683,19436,20748,18968,18062,16515,14129,12042,10395,38.30739,34.33121,35.28401,43.0822,77,92,228,335,304,326,241,275,120,95,79,66,42.31627,15.21693,0.90157,1373.9999,28.1028,20.76005,1215.26044,222,871,222,965,57.44964,66,335,2238,15.68333,24.4,15.68333,24.3,15.7,12,27.7,358.88373,37.10191,5.825,20.50417,230.89262,16277
D01,purple,120.9358,24.2428,DS,3.7,3.8,3.2,3.4,3.3,3.4,3.8,3.7,3.9,3.7,3.8,4.2,0.93,1.19,1.51,1.8,1.99,1.98,1.89,1.65,1.32,1.09,0.93,0.87,6.2,9.7,12.6,14.5,15.1,15.2,14.8,13.2,10.9,7.8,5.9,4.9,13.2,16.7,19.6,21.5,22.2,22.3,20.9,19.2,16.9,13.9,11.9,10.9,9.7,13.2,16.1,18,18.7,18.7,17.9,16.2,13.9,10.9,8.9,7.9,1681.7944,10215,12250,14675,17378,18590,19801,17985,17119,15616,13339,12050,10428,40.06426,31.51037,34.26927,36.20505,50,43,70,221,406,443,410,359,229,222,115,60,39.36488,13.55854,1.82249,1075.99996,26.28614,18.9015,1275.67163,225,1070,153,1259,69.77128,43,443,2628,8.83333,18.46667,10.26667,18.41667,17.4,4.9,22.3,400.23479,37.54789,6.53333,14.16667,212.17718,24417
D02,purple,120.9358,24.2425,DS,3.7,3.8,3.2,3.4,3.3,3.4,3.8,3.7,3.9,3.7,3.8,4.2,0.93,1.19,1.51,1.8,1.99,1.98,1.89,1.65,1.32,1.09,0.93,0.87,6.2,9.7,12.6,14.5,15.1,15.2,14.8,13.2,10.9,7.8,5.9,4.9,13.2,16.7,19.6,21.5,22.2,22.3,20.9,19.2,16.9,13.9,11.9,10.9,9.7,13.2,16.1,18,18.7,18.7,17.9,16.2,13.9,10.9,8.9,7.9,1681.7944,10215,12250,14675,17378,18590,19801,17985,17119,15616,13339,12050,10428,40.06426,31.51037,34.26927,36.20505,50,43,70,221,406,443,410,359,229,222,115,60,39.36488,13.55854,1.82249,1075.99996,26.28614,18.9015,1275.67163,225,1070,153,1259,69.77128,43,443,2628,8.83333,18.46667,10.26667,18.41667,17.4,4.9,22.3,400.23479,37.54789,6.53333,14.16667,212.17718,24417
D03,purple,120.9372,24.2418,DS,3.7,3.8,3.2,3.4,3.3,3.4,3.8,3.7,3.9,3.7,3.8,4.2,0.93,1.19,1.51,1.8,1.99,1.98,1.89,1.65,1.32,1.09,0.93,0.87,6.2,9.7,12.6,14.5,15.1,15.2,14.8,13.2,10.9,7.8,5.9,4.9,13.2,16.7,19.6,21.5,22.2,22.3,20.9,19.2,16.9,13.9,11.9,10.9,9.7,13.2,16.1,18,18.7,18.7,17.9,16.2,13.9,10.9,8.9,7.9,1681.7944,10215,12250,14675,17378,18590,19801,17985,17119,15616,13339,12050,10428,40.06426,31.51037,34.26927,36.20505,50,43,70,221,406,443,410,359,229,222,115,60,39.36488,13.55854,1.82249,1075.99996,26.28614,18.9015,1275.67163,225,1070,153,1259,69.77128,43,443,2628,8.83333,18.46667,10.26667,18.41667,17.4,4.9,22.3,400.23479,37.54789,6.53333,14.16667,212.17718,24417
D04,purple,120.9372,24.2419,DS,3.7,3.8,3.2,3.4,3.3,3.4,3.8,3.7,3.9,3.7,3.8,4.2,0.93,1.19,1.51,1.8,1.99,1.98,1.89,1.65,1.32,1.09,0.93,0.87,6.2,9.7,12.6,14.5,15.1,15.2,14.8,13.2,10.9,7.8,5.9,4.9,13.2,16.7,19.6,21.5,22.2,22.3,20.9,19.2,16.9,13.9,11.9,10.9,9.7,13.2,16.1,18,18.7,18.7,17.9,16.2,13.9,10.9,8.9,7.9,1681.7944,10215,12250,14675,17378,18590,19801,17985,17119,15616,13339,12050,10428,40.06426,31.51037,34.26927,36.20505,50,43,70,221,406,443,410,359,229,222,115,60,39.36488,13.55854,1.82249,1075.99996,26.28614,18.9015,1275.67163,225,1070,153,1259,69.77128,43,443,2628,8.83333,18.46667,10.26667,18.41667,17.4,4.9,22.3,400.23479,37.54789,6.53333,14.16667,212.17718,24417
D05,purple,120.9472,24.2386,DS,3.7,3.8,3.2,3.5,3.5,3.6,3.9,3.5,3.9,3.7,4.3,4.4,0.91,1.17,1.48,1.77,1.95,1.94,1.85,1.61,1.3,1.07,0.91,0.85,5.8,9.2,12,13.9,14.6,14.6,14.3,12.7,10.3,7.4,5.3,4.4,13,16.4,19.2,21.1,21.8,21.9,20.6,19,16.6,13.7,11.6,10.7,9.4,12.8,15.6,17.5,18.2,18.3,17.4,15.8,13.5,10.5,8.5,7.6,1734.63133,10181,12188,14698,17374,18648,19894,17944,17106,15587,13310,11926,10365,37.26863,31.64695,35.06001,37.45559,51,44,73,226,409,438,416,365,236,228,120,64,39.22313,12.8633,2.21784,1053.99998,26.19296,19.01482,1260.49568,235,1073,159,1263,68.58254,44,438,2670,8.46667,17.98333,9.91667,17.96667,17.5,4.4,21.9,395.79872,38.61905,6.75833,13.75417,218.43523,25309
D06,purple,120.9475,24.2389,DS,3.7,3.8,3.2,3.5,3.5,3.6,3.9,3.5,3.9,3.7,4.3,4.4,0.91,1.17,1.48,1.77,1.95,1.94,1.85,1.61,1.3,1.07,0.91,0.85,5.8,9.2,12,13.9,14.6,14.6,14.3,12.7,10.3,7.4,5.3,4.4,13,16.4,19.2,21.1,21.8,21.9,20.6,19,16.6,13.7,11.6,10.7,9.4,12.8,15.6,17.5,18.2,18.3,17.4,15.8,13.5,10.5,8.5,7.6,1734.63133,10181,12188,14698,17374,18648,19894,17944,17106,15587,13310,11926,10365,37.26863,31.64695,35.06001,37.45559,51,44,73,226,409,438,416,365,236,228,120,64,39.22313,12.8633,2.21784,1053.99998,26.19296,19.01482,1260.49568,235,1073,159,1263,68.58254,44,438,2670,8.46667,17.98333,9.91667,17.96667,17.5,4.4,21.9,395.79872,38.61905,6.75833,13.75417,218.43523,25309
D09,purple,120.9792,24.2322,DS,4.1,4,3.3,4.6,4,3.4,4.2,3.8,3.7,3.9,4.9,4.9,0.84,1.09,1.38,1.65,1.82,1.81,1.73,1.51,1.21,1,0.85,0.79,4.5,7.7,10.5,12.5,13.2,13.3,13,11.4,9.1,6.3,4,3.3,12,15.3,18.1,20.1,20.8,20.9,19.5,18,15.6,12.8,10.6,9.8,8.2,11.5,14.3,16.3,17,17.1,16.3,14.7,12.4,9.6,7.3,6.5,1920.58934,10029,12072,14693,17406,18841,20114,17983,17031,15499,13216,11706,10177,35.82239,32.93073,35.91134,40.71649,56,48,86,241,427,421,445,405,273,260,141,81,38.36149,20.27624,2.86492,1012.00021,27.97452,19.67842,1297.25373,278,1089,185,1293,64.67597,48,445,2884,7.36667,16.8,8.76667,16.78333,17.6,3.3,20.9,390.93394,40.10417,7.05833,12.59583,134.54631,28487
D10,purple,120.9797,24.2325,DS,4.1,4,3.3,4.6,4,3.4,4.2,3.8,3.7,3.9,4.9,4.9,0.84,1.09,1.38,1.65,1.82,1.81,1.73,1.51,1.21,1,0.85,0.79,4.5,7.7,10.5,12.5,13.2,13.3,13,11.4,9.1,6.3,4,3.3,12,15.3,18.1,20.1,20.8,20.9,19.5,18,15.6,12.8,10.6,9.8,8.2,11.5,14.3,16.3,17,17.1,16.3,14.7,12.4,9.6,7.3,6.5,1920.58934,10029,12072,14693,17406,18841,20114,17983,17031,15499,13216,11706,10177,35.82239,32.93073,35.91134,40.71649,56,48,86,241,427,421,445,405,273,260,141,81,38.36149,20.27624,2.86492,1012.00021,27.97452,19.67842,1297.25373,278,1089,185,1293,64.67597,48,445,2884,7.36667,16.8,8.76667,16.78333,17.6,3.3,20.9,390.93394,40.10417,7.05833,12.59583,134.54631,28487
D11,purple,120.9044,24.2317,DS,2.9,2.8,2.8,3,2.8,3.1,3.1,2.5,3.2,3,3.2,3.1,1.17,1.48,1.84,2.18,2.39,2.39,2.28,2,1.63,1.34,1.14,1.08,9.8,13.6,16.8,18.4,19,19.1,18.4,16.6,14.2,10.9,9.4,8.1,16.6,20.4,23.6,25.3,25.8,26,25,23.3,20.8,17.5,16,14.8,13.2,17,20.2,21.8,22.4,22.5,21.7,20,17.5,14.2,12.7,11.4,967.95204,10693,12518,14991,17569,19019,20441,18544,17584,16034,13807,12472,10927,39.09585,31.29324,25.65359,27.1594,39,29,59,208,431,427,505,363,206,183,103,51,42.14736,11.97398,0.88137,1247.99998,29.95617,12.8686,1294.40326,193,1066,119,1363,79.21775,29,505,2604,12.45,22.26667,13.88333,22.21667,17.9,8.1,26,412.08908,37.61639,6.73333,17.89167,232.98132,20860
D12,purple,120.9058,24.2328,DS,2.9,2.8,2.8,3,2.8,3.1,3.1,2.5,3.2,3,3.2,3.1,1.17,1.48,1.84,2.18,2.39,2.39,2.28,2,1.63,1.34,1.14,1.08,9.8,13.6,16.8,18.4,19,19.1,18.4,16.6,14.2,10.9,9.4,8.1,16.6,20.4,23.6,25.3,25.8,26,25,23.3,20.8,17.5,16,14.8,13.2,17,20.2,21.8,22.4,22.5,21.7,20,17.5,14.2,12.7,11.4,967.95204,10693,12518,14991,17569,19019,20441,18544,17584,16034,13807,12472,10927,39.09585,31.29324,25.65359,27.1594,39,29,59,208,431,427,505,363,206,183,103,51,42.14736,11.97398,0.88137,1247.99998,29.95617,12.8686,1294.40326,193,1066,119,1363,79.21775,29,505,2604,12.45,22.26667,13.88333,22.21667,17.9,8.1,26,412.08908,37.61639,6.73333,17.89167,232.98132,20860
DD02,longinux,120.7019,23.4986,DD,3.1,3.2,3.6,3.3,2.8,2.9,3.2,2.9,3.4,2.8,2.8,2.7,1.04,1.31,1.62,1.87,2.03,2.02,1.97,1.77,1.48,1.23,1.05,0.98,8,11.2,13.9,15.4,15.9,16.2,16,14.6,12.8,9.9,8,6.8,15.3,18.6,21.3,22.7,23.3,23.5,22.6,21.2,19.4,16.5,14.7,13.4,11.7,14.9,17.6,19.1,19.6,19.9,19.3,17.9,16.1,13.2,11.3,10.1,1534.49805,10743,12409,14684,17200,18347,19630,18186,17582,16134,14262,12799,11179,41.10226,31.31126,25.91794,26.65977,31,30,86,244,420,450,345,301,141,102,65,29,40.659,18.75972,1.32406,1191.99992,24.94542,17.98057,1178.06857,125,1215,90,1215,83.80319,29,450,2244,11.03333,19.58333,12.21667,19.58333,16.7,6.8,23.5,354.70432,41.81637,6.98333,15.88333,249.42265,18824
DD04,longinux,120.7103,23.4833,DD,2.8,2.9,3.5,3.2,3.1,3,2.9,3,2.9,3,2.6,2.7,1.08,1.35,1.67,1.93,2.09,2.08,2.03,1.82,1.52,1.27,1.08,1.01,8.3,11.6,14.2,15.6,16.2,16.4,16,14.6,12.7,9.8,8.1,6.8,15.7,19,21.6,23,23.5,23.8,23.1,21.6,19.8,16.9,15.2,13.9,12,15.3,17.9,19.3,19.8,20.1,19.5,18.1,16.3,13.4,11.6,10.4,1408.56965,10841,12505,14850,17292,18574,19809,18384,17686,16255,14448,12883,11285,38.69404,33.62421,18.49948,18.25989,30,28,81,240,418,434,346,304,138,97,63,27,41.53571,22.08815,1.37191,1186.00001,25.62732,22.41731,1151.81057,120,1198,85,1198,84.55403,27,434,2206,11.33333,19.83333,12.55,19.83333,17,6.8,23.8,353.32726,42.54902,7.23333,16.14167,160.77463,18600
DD08,longinux,120.7114,23.4938,DD,3.2,3.3,3.7,3.5,3,3,3.4,3.1,3.6,3,3.1,3.1,0.97,1.22,1.52,1.75,1.91,1.88,1.85,1.66,1.38,1.15,0.98,0.91,6.7,9.9,12.6,14.1,14.8,15,14.9,13.5,11.7,8.9,6.9,5.7,14.3,17.4,20.1,21.7,22.3,22.6,21.4,20,18.2,15.4,13.4,12.2,10.5,13.7,16.3,17.9,18.5,18.8,18.2,16.8,15,12.1,10.2,9,1678.09917,10626,12307,14582,17096,18206,19386,17993,17427,15988,14090,12630,11046,39.28102,29.70502,26.88372,27.27064,36,38,107,268,430,501,338,302,148,113,72,35,39.60335,24.23713,2.19883,1146.00002,26.72336,19.81999,1207.66368,143,1269,109,1269,81.63555,35,501,2388,9.86667,18.5,11.03333,18.5,16.9,5.7,22.6,356.44155,41.56805,7.025,14.7375,203.30067,20833
DD11,longinux,120.7117,23.4936,DD,3.2,3.3,3.7,3.5,3,3,3.4,3.1,3.6,3,3.1,3.1,0.97,1.22,1.52,1.75,1.91,1.88,1.85,1.66,1.38,1.15,0.98,0.91,6.7,9.9,12.6,14.1,14.8,15,14.9,13.5,11.7,8.9,6.9,5.7,14.3,17.4,20.1,21.7,22.3,22.6,21.4,20,18.2,15.4,13.4,12.2,10.5,13.7,16.3,17.9,18.5,18.8,18.2,16.8,15,12.1,10.2,9,1678.09917,10626,12307,14582,17096,18206,19386,17993,17427,15988,14090,12630,11046,39.28102,29.70502,26.88372,27.27064,36,38,107,268,430,501,338,302,148,113,72,35,39.60335,24.23713,2.19883,1146.00002,26.72336,19.81999,1207.66368,143,1269,109,1269,81.63555,35,501,2388,9.86667,18.5,11.03333,18.5,16.9,5.7,22.6,356.44155,41.56805,7.025,14.7375,203.30067,20833
DD14,longinux,120.7117,23.4931,DD,3.2,3.3,3.7,3.5,3,3,3.4,3.1,3.6,3,3.1,3.1,0.97,1.22,1.52,1.75,1.91,1.88,1.85,1.66,1.38,1.15,0.98,0.91,6.7,9.9,12.6,14.1,14.8,15,14.9,13.5,11.7,8.9,6.9,5.7,14.3,17.4,20.1,21.7,22.3,22.6,21.4,20,18.2,15.4,13.4,12.2,10.5,13.7,16.3,17.9,18.5,18.8,18.2,16.8,15,12.1,10.2,9,1678.09917,10626,12307,14582,17096,18206,19386,17993,17427,15988,14090,12630,11046,39.28102,29.70502,26.88372,27.27064,36,38,107,268,430,501,338,302,148,113,72,35,39.60335,24.23713,2.19883,1146.00002,26.72336,19.81999,1207.66368,143,1269,109,1269,81.63555,35,501,2388,9.86667,18.5,11.03333,18.5,16.9,5.7,22.6,356.44155,41.56805,7.025,14.7375,203.30067,20833
DD15,longinux,120.7117,23.4933,DD,3.2,3.3,3.7,3.5,3,3,3.4,3.1,3.6,3,3.1,3.1,0.97,1.22,1.52,1.75,1.91,1.88,1.85,1.66,1.38,1.15,0.98,0.91,6.7,9.9,12.6,14.1,14.8,15,14.9,13.5,11.7,8.9,6.9,5.7,14.3,17.4,20.1,21.7,22.3,22.6,21.4,20,18.2,15.4,13.4,12.2,10.5,13.7,16.3,17.9,18.5,18.8,18.2,16.8,15,12.1,10.2,9,1678.09917,10626,12307,14582,17096,18206,19386,17993,17427,15988,14090,12630,11046,39.28102,29.70502,26.88372,27.27064,36,38,107,268,430,501,338,302,148,113,72,35,39.60335,24.23713,2.19883,1146.00002,26.72336,19.81999,1207.66368,143,1269,109,1269,81.63555,35,501,2388,9.86667,18.5,11.03333,18.5,16.9,5.7,22.6,356.44155,41.56805,7.025,14.7375,203.30067,20833
DL01,longinux,121.1767,22.88,DL,4.7,6,5,3.9,3.5,4.4,3.7,3.6,4,5.2,6.2,5.2,1.47,1.8,2.16,2.49,2.67,2.7,2.6,2.34,2,1.71,1.47,1.39,14.5,17.3,19.8,21.3,22.1,22.5,21.9,20.7,18.7,16.2,13.9,13.3,20.4,23.2,25.7,27.2,28,28.5,27.3,26.1,24.1,21.6,19.3,18.7,17.4,20.3,22.8,24.3,25,25.5,24.6,23.4,21.4,18.9,16.6,16,672.66302,10432,12119,14891,17415,18974,20229,18876,18313,16812,14380,12375,10780,38.25559,30.85854,34.31701,38.74793,75,85,231,382,425,451,289,292,112,86,76,63,46.27062,36.54433,1.06177,1454.00014,27.49669,25.41187,1192.24988,214,1165,214,1258,69.5129,63,451,2567,16.68333,25.05,16.68333,24.93333,15.2,13.3,28.5,343.32239,37.22588,5.65833,21.34583,177.68284,17648
DL02,longinux,121.1767,22.8803,DL,4.7,6,5,3.9,3.5,4.4,3.7,3.6,4,5.2,6.2,5.2,1.47,1.8,2.16,2.49,2.67,2.7,2.6,2.34,2,1.71,1.47,1.39,14.5,17.3,19.8,21.3,22.1,22.5,21.9,20.7,18.7,16.2,13.9,13.3,20.4,23.2,25.7,27.2,28,28.5,27.3,26.1,24.1,21.6,19.3,18.7,17.4,20.3,22.8,24.3,25,25.5,24.6,23.4,21.4,18.9,16.6,16,672.66302,10432,12119,14891,17415,18974,20229,18876,18313,16812,14380,12375,10780,38.25559,30.85854,34.31701,38.74793,75,85,231,382,425,451,289,292,112,86,76,63,46.27062,36.54433,1.06177,1454.00014,27.49669,25.41187,1192.24988,214,1165,214,1258,69.5129,63,451,2567,16.68333,25.05,16.68333,24.93333,15.2,13.3,28.5,343.32239,37.22588,5.65833,21.34583,177.68284,17648
DL03,longinux,121.1767,22.8804,DL,4.7,6,5,3.9,3.5,4.4,3.7,3.6,4,5.2,6.2,5.2,1.47,1.8,2.16,2.49,2.67,2.7,2.6,2.34,2,1.71,1.47,1.39,14.5,17.3,19.8,21.3,22.1,22.5,21.9,20.7,18.7,16.2,13.9,13.3,20.4,23.2,25.7,27.2,28,28.5,27.3,26.1,24.1,21.6,19.3,18.7,17.4,20.3,22.8,24.3,25,25.5,24.6,23.4,21.4,18.9,16.6,16,672.66302,10432,12119,14891,17415,18974,20229,18876,18313,16812,14380,12375,10780,38.25559,30.85854,34.31701,38.74793,75,85,231,382,425,451,289,292,112,86,76,63,46.27062,36.54433,1.06177,1454.00014,27.49669,25.41187,1192.24988,214,1165,214,1258,69.5129,63,451,2567,16.68333,25.05,16.68333,24.93333,15.2,13.3,28.5,343.32239,37.22588,5.65833,21.34583,177.68284,17648
DL04,longinux,121.1767,22.8806,DL,4.7,6,5,3.9,3.5,4.4,3.7,3.6,4,5.2,6.2,5.2,1.47,1.8,2.16,2.49,2.67,2.7,2.6,2.34,2,1.71,1.47,1.39,14.5,17.3,19.8,21.3,22.1,22.5,21.9,20.7,18.7,16.2,13.9,13.3,20.4,23.2,25.7,27.2,28,28.5,27.3,26.1,24.1,21.6,19.3,18.7,17.4,20.3,22.8,24.3,25,25.5,24.6,23.4,21.4,18.9,16.6,16,672.66302,10432,12119,14891,17415,18974,20229,18876,18313,16812,14380,12375,10780,38.25559,30.85854,34.31701,38.74793,75,85,231,382,425,451,289,292,112,86,76,63,46.27062,36.54433,1.06177,1454.00014,27.49669,25.41187,1192.24988,214,1165,214,1258,69.5129,63,451,2567,16.68333,25.05,16.68333,24.93333,15.2,13.3,28.5,343.32239,37.22588,5.65833,21.34583,177.68284,17648
DL05,longinux,121.1769,22.8806,DL,4.7,6,5,3.9,3.5,4.4,3.7,3.6,4,5.2,6.2,5.2,1.47,1.8,2.16,2.49,2.67,2.7,2.6,2.34,2,1.71,1.47,1.39,14.5,17.3,19.8,21.3,22.1,22.5,21.9,20.7,18.7,16.2,13.9,13.3,20.4,23.2,25.7,27.2,28,28.5,27.3,26.1,24.1,21.6,19.3,18.7,17.4,20.3,22.8,24.3,25,25.5,24.6,23.4,21.4,18.9,16.6,16,672.66302,10432,12119,14891,17415,18974,20229,18876,18313,16812,14380,12375,10780,38.25559,30.85854,34.31701,38.74793,75,85,231,382,425,451,289,292,112,86,76,63,46.27062,36.54433,1.06177,1454.00014,27.49669,25.41187,1192.24988,214,1165,214,1258,69.5129,63,451,2567,16.68333,25.05,16.68333,24.93333,15.2,13.3,28.5,343.32239,37.22588,5.65833,21.34583,177.68284,17648
DL06,longinux,121.1772,22.8808,DL,4.7,6,5,3.9,3.5,4.4,3.7,3.6,4,5.2,6.2,5.2,1.47,1.8,2.16,2.49,2.67,2.7,2.6,2.34,2,1.71,1.47,1.39,14.5,17.3,19.8,21.3,22.1,22.5,21.9,20.7,18.7,16.2,13.9,13.3,20.4,23.2,25.7,27.2,28,28.5,27.3,26.1,24.1,21.6,19.3,18.7,17.4,20.3,22.8,24.3,25,25.5,24.6,23.4,21.4,18.9,16.6,16,672.66302,10432,12119,14891,17415,18974,20229,18876,18313,16812,14380,12375,10780,38.25559,30.85854,34.31701,38.74793,75,85,231,382,425,451,289,292,112,86,76,63,46.27062,36.54433,1.06177,1454.00014,27.49669,25.41187,1192.24988,214,1165,214,1258,69.5129,63,451,2567,16.68333,25.05,16.68333,24.93333,15.2,13.3,28.5,343.32239,37.22588,5.65833,21.34583,177.68284,17648
DL07,longinux,121.1772,22.8811,DL,4.7,6,5,3.9,3.5,4.4,3.7,3.6,4,5.2,6.2,5.2,1.47,1.8,2.16,2.49,2.67,2.7,2.6,2.34,2,1.71,1.47,1.39,14.5,17.3,19.8,21.3,22.1,22.5,21.9,20.7,18.7,16.2,13.9,13.3,20.4,23.2,25.7,27.2,28,28.5,27.3,26.1,24.1,21.6,19.3,18.7,17.4,20.3,22.8,24.3,25,25.5,24.6,23.4,21.4,18.9,16.6,16,672.66302,10432,12119,14891,17415,18974,20229,18876,18313,16812,14380,12375,10780,38.25559,30.85854,34.31701,38.74793,75,85,231,382,425,451,289,292,112,86,76,63,46.27062,36.54433,1.06177,1454.00014,27.49669,25.41187,1192.24988,214,1165,214,1258,69.5129,63,451,2567,16.68333,25.05,16.68333,24.93333,15.2,13.3,28.5,343.32239,37.22588,5.65833,21.34583,177.68284,17648
EMS02,longinux,121.4678,24.6517,MS,4.5,5.1,3,3.3,3.3,3.5,3.5,3.5,3.7,3.2,3.6,3.9,1.06,1.35,1.68,2.01,2.23,2.23,2.11,1.82,1.47,1.21,1.03,0.99,7.5,11.2,13.8,15.8,17.1,17.3,16.5,14.4,11.8,8.6,6.5,5.8,14.3,18,20.6,22.6,23.8,24.1,22.8,20.7,18.1,15,12.8,12.1,10.9,14.6,17.2,19.2,20.5,20.7,19.6,17.5,15,11.8,9.7,9,1325.88657,9079,10857,13672,17064,19233,20428,18112,17042,15474,12833,10985,9461,39.98373,33.35049,31.58492,33.73299,127,135,270,394,405,326,303,243,155,157,128,119,40.55563,43.0366,1.58273,1049.00003,25.0043,16.8882,1208.52688,374,1034,374,1125,46.50853,119,405,2762,9.83333,20.26667,9.83333,20.11667,18.3,5.8,24.1,429.18703,35.79235,6.55,15.46667,182.17768,26329
EMS03,longinux,121.4669,24.6493,MS,4.3,5.3,3.1,3.3,3.4,3.5,3.3,3.2,3,3.2,3.6,3.8,1.06,1.35,1.68,2.01,2.23,2.23,2.11,1.82,1.47,1.21,1.03,0.99,7.6,11.3,14,15.9,17.2,17.4,16.6,14.4,11.9,8.7,6.7,5.9,14.3,18,20.7,22.6,23.9,24.1,22.8,20.7,18.2,15,12.9,12.1,10.9,14.6,17.3,19.2,20.5,20.8,19.7,17.6,15.1,11.9,9.8,9,1229.51443,9107,10801,13699,17095,19435,20681,18253,17063,15510,12838,11018,9542,38.08386,35.52428,28.9551,30.32117,126,136,269,393,398,320,296,241,155,157,128,117,39.89007,46.50358,1.34237,1062.00004,27.19435,24.41717,1222.92564,371,1014,371,1111,46.10546,117,398,2736,9.91667,20.33333,9.91667,20.18333,18.2,5.9,24.1,428.59774,35.57692,6.475,15.5375,179.47378,25751
EMS04,longinux,121.4669,24.6494,MS,4.3,5.3,3.1,3.3,3.4,3.5,3.3,3.2,3,3.2,3.6,3.8,1.06,1.35,1.68,2.01,2.23,2.23,2.11,1.82,1.47,1.21,1.03,0.99,7.6,11.3,14,15.9,17.2,17.4,16.6,14.4,11.9,8.7,6.7,5.9,14.3,18,20.7,22.6,23.9,24.1,22.8,20.7,18.2,15,12.9,12.1,10.9,14.6,17.3,19.2,20.5,20.8,19.7,17.6,15.1,11.9,9.8,9,1229.51443,9107,10801,13699,17095,19435,20681,18253,17063,15510,12838,11018,9542,38.08386,35.52428,28.9551,30.32117,126,136,269,393,398,320,296,241,155,157,128,117,39.89007,46.50358,1.34237,1062.00004,27.19435,24.41717,1222.92564,371,1014,371,1111,46.10546,117,398,2736,9.91667,20.33333,9.91667,20.18333,18.2,5.9,24.1,428.59774,35.57692,6.475,15.5375,179.47378,25751
EMS05,longinux,121.4322,24.6445,MS,3.1,4.2,4.1,2.9,3.3,3.3,3.5,3.2,2.9,2.9,3.6,3.2,1.13,1.44,1.78,2.12,2.34,2.34,2.23,1.93,1.57,1.29,1.1,1.06,8.2,12,14.7,16.8,18.1,18.4,17.3,15.1,12.6,9.2,7.1,6.4,15.2,19,21.7,23.7,25,25.3,24.1,21.9,19.4,16,13.9,13.2,11.7,15.5,18.2,20.2,21.5,21.9,20.7,18.5,16,12.6,10.5,9.8,1054.92898,9554,11368,14201,17550,19886,21184,18494,17195,15636,13159,11517,9844,39.04888,35.10648,37.09205,41.13586,118,131,268,397,412,334,296,260,151,160,121,111,40.18809,33.53531,1.14105,1102.99997,26.53434,24.8207,1262.39521,350,1042,350,1143,48.51516,111,412,2759,10.66667,21.36667,10.66667,21.21667,18.9,6.4,25.3,440.09017,36.37566,6.875,16.42917,194.16555,25007
EMS06,longinux,121.4322,24.6446,MS,3.1,4.2,4.1,2.9,3.3,3.3,3.5,3.2,2.9,2.9,3.6,3.2,1.13,1.44,1.78,2.12,2.34,2.34,2.23,1.93,1.57,1.29,1.1,1.06,8.2,12,14.7,16.8,18.1,18.4,17.3,15.1,12.6,9.2,7.1,6.4,15.2,19,21.7,23.7,25,25.3,24.1,21.9,19.4,16,13.9,13.2,11.7,15.5,18.2,20.2,21.5,21.9,20.7,18.5,16,12.6,10.5,9.8,1054.92898,9554,11368,14201,17550,19886,21184,18494,17195,15636,13159,11517,9844,39.04888,35.10648,37.09205,41.13586,118,131,268,397,412,334,296,260,151,160,121,111,40.18809,33.53531,1.14105,1102.99997,26.53434,24.8207,1262.39521,350,1042,350,1143,48.51516,111,412,2759,10.66667,21.36667,10.66667,21.21667,18.9,6.4,25.3,440.09017,36.37566,6.875,16.42917,194.16555,25007
EMS08,longinux,121.4322,24.6448,MS,3.1,4.2,4.1,2.9,3.3,3.3,3.5,3.2,2.9,2.9,3.6,3.2,1.13,1.44,1.78,2.12,2.34,2.34,2.23,1.93,1.57,1.29,1.1,1.06,8.2,12,14.7,16.8,18.1,18.4,17.3,15.1,12.6,9.2,7.1,6.4,15.2,19,21.7,23.7,25,25.3,24.1,21.9,19.4,16,13.9,13.2,11.7,15.5,18.2,20.2,21.5,21.9,20.7,18.5,16,12.6,10.5,9.8,1054.92898,9554,11368,14201,17550,19886,21184,18494,17195,15636,13159,11517,9844,39.04888,35.10648,37.09205,41.13586,118,131,268,397,412,334,296,260,151,160,121,111,40.18809,33.53531,1.14105,1102.99997,26.53434,24.8207,1262.39521,350,1042,350,1143,48.51516,111,412,2759,10.66667,21.36667,10.66667,21.21667,18.9,6.4,25.3,440.09017,36.37566,6.875,16.42917,194.16555,25007
EMS09,longinux,121.4322,24.6449,MS,3.1,4.2,4.1,2.9,3.3,3.3,3.5,3.2,2.9,2.9,3.6,3.2,1.13,1.44,1.78,2.12,2.34,2.34,2.23,1.93,1.57,1.29,1.1,1.06,8.2,12,14.7,16.8,18.1,18.4,17.3,15.1,12.6,9.2,7.1,6.4,15.2,19,21.7,23.7,25,25.3,24.1,21.9,19.4,16,13.9,13.2,11.7,15.5,18.2,20.2,21.5,21.9,20.7,18.5,16,12.6,10.5,9.8,1054.92898,9554,11368,14201,17550,19886,21184,18494,17195,15636,13159,11517,9844,39.04888,35.10648,37.09205,41.13586,118,131,268,397,412,334,296,260,151,160,121,111,40.18809,33.53531,1.14105,1102.99997,26.53434,24.8207,1262.39521,350,1042,350,1143,48.51516,111,412,2759,10.66667,21.36667,10.66667,21.21667,18.9,6.4,25.3,440.09017,36.37566,6.875,16.42917,194.16555,25007
EMS10,longinux,121.4322,24.645,MS,3.1,4.2,4.1,2.9,3.3,3.3,3.5,3.2,2.9,2.9,3.6,3.2,1.13,1.44,1.78,2.12,2.34,2.34,2.23,1.93,1.57,1.29,1.1,1.06,8.2,12,14.7,16.8,18.1,18.4,17.3,15.1,12.6,9.2,7.1,6.4,15.2,19,21.7,23.7,25,25.3,24.1,21.9,19.4,16,13.9,13.2,11.7,15.5,18.2,20.2,21.5,21.9,20.7,18.5,16,12.6,10.5,9.8,1054.92898,9554,11368,14201,17550,19886,21184,18494,17195,15636,13159,11517,9844,39.04888,35.10648,37.09205,41.13586,118,131,268,397,412,334,296,260,151,160,121,111,40.18809,33.53531,1.14105,1102.99997,26.53434,24.8207,1262.39521,350,1042,350,1143,48.51516,111,412,2759,10.66667,21.36667,10.66667,21.21667,18.9,6.4,25.3,440.09017,36.37566,6.875,16.42917,194.16555,25007
EMS11,longinux,121.4322,24.6451,MS,3.1,4.2,4.1,2.9,3.3,3.3,3.5,3.2,2.9,2.9,3.6,3.2,1.13,1.44,1.78,2.12,2.34,2.34,2.23,1.93,1.57,1.29,1.1,1.06,8.2,12,14.7,16.8,18.1,18.4,17.3,15.1,12.6,9.2,7.1,6.4,15.2,19,21.7,23.7,25,25.3,24.1,21.9,19.4,16,13.9,13.2,11.7,15.5,18.2,20.2,21.5,21.9,20.7,18.5,16,12.6,10.5,9.8,1054.92898,9554,11368,14201,17550,19886,21184,18494,17195,15636,13159,11517,9844,39.04888,35.10648,37.09205,41.13586,118,131,268,397,412,334,296,260,151,160,121,111,40.18809,33.53531,1.14105,1102.99997,26.53434,24.8207,1262.39521,350,1042,350,1143,48.51516,111,412,2759,10.66667,21.36667,10.66667,21.21667,18.9,6.4,25.3,440.09017,36.37566,6.875,16.42917,194.16555,25007
EMS12,longinux,121.4322,24.6452,MS,3.1,4.2,4.1,2.9,3.3,3.3,3.5,3.2,2.9,2.9,3.6,3.2,1.13,1.44,1.78,2.12,2.34,2.34,2.23,1.93,1.57,1.29,1.1,1.06,8.2,12,14.7,16.8,18.1,18.4,17.3,15.1,12.6,9.2,7.1,6.4,15.2,19,21.7,23.7,25,25.3,24.1,21.9,19.4,16,13.9,13.2,11.7,15.5,18.2,20.2,21.5,21.9,20.7,18.5,16,12.6,10.5,9.8,1054.92898,9554,11368,14201,17550,19886,21184,18494,17195,15636,13159,11517,9844,39.04888,35.10648,37.09205,41.13586,118,131,268,397,412,334,296,260,151,160,121,111,40.18809,33.53531,1.14105,1102.99997,26.53434,24.8207,1262.39521,350,1042,350,1143,48.51516,111,412,2759,10.66667,21.36667,10.66667,21.21667,18.9,6.4,25.3,440.09017,36.37566,6.875,16.42917,194.16555,25007
EMS13,longinux,121.4322,24.6453,MS,3.1,4.2,4.1,2.9,3.3,3.3,3.5,3.2,2.9,2.9,3.6,3.2,1.13,1.44,1.78,2.12,2.34,2.34,2.23,1.93,1.57,1.29,1.1,1.06,8.2,12,14.7,16.8,18.1,18.4,17.3,15.1,12.6,9.2,7.1,6.4,15.2,19,21.7,23.7,25,25.3,24.1,21.9,19.4,16,13.9,13.2,11.7,15.5,18.2,20.2,21.5,21.9,20.7,18.5,16,12.6,10.5,9.8,1054.92898,9554,11368,14201,17550,19886,21184,18494,17195,15636,13159,11517,9844,39.04888,35.10648,37.09205,41.13586,118,131,268,397,412,334,296,260,151,160,121,111,40.18809,33.53531,1.14105,1102.99997,26.53434,24.8207,1262.39521,350,1042,350,1143,48.51516,111,412,2759,10.66667,21.36667,10.66667,21.21667,18.9,6.4,25.3,440.09017,36.37566,6.875,16.42917,194.16555,25007
GD01,purple,121.0144,24.0206,GD,2.9,2.8,2.9,2.8,3.1,3.3,3.1,2.6,3,3.1,2.7,2.7,1.01,1.27,1.58,1.85,2.02,2,1.95,1.72,1.42,1.18,1.01,0.94,7.5,10.9,13.9,15.6,16.2,16.5,16.1,14.4,12.4,9.4,7.6,6.4,14.9,18.3,21.3,23,23.6,23.9,22.7,21.1,19.1,16,14.3,13,11.2,14.6,17.6,19.3,19.9,20.2,19.4,17.8,15.7,12.7,10.9,9.7,1451.57189,10372,12274,14733,17416,18822,20038,18247,17368,15856,13627,12308,10716,38.55146,31.2816,35.7232,39.18693,47,40,71,211,350,357,365,340,211,190,101,52,40.32267,12.79127,1.33715,1206.00006,27.026,18.30704,1281.70739,200,1072,139,1072,67.42963,40,365,2335,10.61667,19.83333,11.83333,19.83333,17.5,6.4,23.9,382.98149,40.14286,7.025,15.75417,197.61322,19355
GD03,purple,121.0142,24.0208,GD,2.9,2.8,2.9,2.8,3.1,3.3,3.1,2.6,3,3.1,2.7,2.7,1.01,1.27,1.58,1.85,2.02,2,1.95,1.72,1.42,1.18,1.01,0.94,7.5,10.9,13.9,15.6,16.2,16.5,16.1,14.4,12.4,9.4,7.6,6.4,14.9,18.3,21.3,23,23.6,23.9,22.7,21.1,19.1,16,14.3,13,11.2,14.6,17.6,19.3,19.9,20.2,19.4,17.8,15.7,12.7,10.9,9.7,1451.57189,10372,12274,14733,17416,18822,20038,18247,17368,15856,13627,12308,10716,38.55146,31.2816,35.7232,39.18693,47,40,71,211,350,357,365,340,211,190,101,52,40.32267,12.79127,1.33715,1206.00006,27.026,18.30704,1281.70739,200,1072,139,1072,67.42963,40,365,2335,10.61667,19.83333,11.83333,19.83333,17.5,6.4,23.9,382.98149,40.14286,7.025,15.75417,197.61322,19355
GD04,purple,121.0136,24.0203,GD,2.9,2.8,2.9,2.8,3.1,3.3,3.1,2.6,3,3.1,2.7,2.7,1.01,1.27,1.58,1.85,2.02,2,1.95,1.72,1.42,1.18,1.01,0.94,7.5,10.9,13.9,15.6,16.2,16.5,16.1,14.4,12.4,9.4,7.6,6.4,14.9,18.3,21.3,23,23.6,23.9,22.7,21.1,19.1,16,14.3,13,11.2,14.6,17.6,19.3,19.9,20.2,19.4,17.8,15.7,12.7,10.9,9.7,1451.57189,10372,12274,14733,17416,18822,20038,18247,17368,15856,13627,12308,10716,38.55146,31.2816,35.7232,39.18693,47,40,71,211,350,357,365,340,211,190,101,52,40.32267,12.79127,1.33715,1206.00006,27.026,18.30704,1281.70739,200,1072,139,1072,67.42963,40,365,2335,10.61667,19.83333,11.83333,19.83333,17.5,6.4,23.9,382.98149,40.14286,7.025,15.75417,197.61322,19355
GD05,purple,121.0136,24.0206,GD,2.9,2.8,2.9,2.8,3.1,3.3,3.1,2.6,3,3.1,2.7,2.7,1.01,1.27,1.58,1.85,2.02,2,1.95,1.72,1.42,1.18,1.01,0.94,7.5,10.9,13.9,15.6,16.2,16.5,16.1,14.4,12.4,9.4,7.6,6.4,14.9,18.3,21.3,23,23.6,23.9,22.7,21.1,19.1,16,14.3,13,11.2,14.6,17.6,19.3,19.9,20.2,19.4,17.8,15.7,12.7,10.9,9.7,1451.57189,10372,12274,14733,17416,18822,20038,18247,17368,15856,13627,12308,10716,38.55146,31.2816,35.7232,39.18693,47,40,71,211,350,357,365,340,211,190,101,52,40.32267,12.79127,1.33715,1206.00006,27.026,18.30704,1281.70739,200,1072,139,1072,67.42963,40,365,2335,10.61667,19.83333,11.83333,19.83333,17.5,6.4,23.9,382.98149,40.14286,7.025,15.75417,197.61322,19355
GD06,purple,121.0136,24.0207,GD,2.9,2.8,2.9,2.8,3.1,3.3,3.1,2.6,3,3.1,2.7,2.7,1.01,1.27,1.58,1.85,2.02,2,1.95,1.72,1.42,1.18,1.01,0.94,7.5,10.9,13.9,15.6,16.2,16.5,16.1,14.4,12.4,9.4,7.6,6.4,14.9,18.3,21.3,23,23.6,23.9,22.7,21.1,19.1,16,14.3,13,11.2,14.6,17.6,19.3,19.9,20.2,19.4,17.8,15.7,12.7,10.9,9.7,1451.57189,10372,12274,14733,17416,18822,20038,18247,17368,15856,13627,12308,10716,38.55146,31.2816,35.7232,39.18693,47,40,71,211,350,357,365,340,211,190,101,52,40.32267,12.79127,1.33715,1206.00006,27.026,18.30704,1281.70739,200,1072,139,1072,67.42963,40,365,2335,10.61667,19.83333,11.83333,19.83333,17.5,6.4,23.9,382.98149,40.14286,7.025,15.75417,197.61322,19355
GD07,purple,121.0136,24.0208,GD,2.9,2.8,2.9,2.8,3.1,3.3,3.1,2.6,3,3.1,2.7,2.7,1.01,1.27,1.58,1.85,2.02,2,1.95,1.72,1.42,1.18,1.01,0.94,7.5,10.9,13.9,15.6,16.2,16.5,16.1,14.4,12.4,9.4,7.6,6.4,14.9,18.3,21.3,23,23.6,23.9,22.7,21.1,19.1,16,14.3,13,11.2,14.6,17.6,19.3,19.9,20.2,19.4,17.8,15.7,12.7,10.9,9.7,1451.57189,10372,12274,14733,17416,18822,20038,18247,17368,15856,13627,12308,10716,38.55146,31.2816,35.7232,39.18693,47,40,71,211,350,357,365,340,211,190,101,52,40.32267,12.79127,1.33715,1206.00006,27.026,18.30704,1281.70739,200,1072,139,1072,67.42963,40,365,2335,10.61667,19.83333,11.83333,19.83333,17.5,6.4,23.9,382.98149,40.14286,7.025,15.75417,197.61322,19355
GD08,purple,121.0136,24.0209,GD,2.9,2.8,2.9,2.8,3.1,3.3,3.1,2.6,3,3.1,2.7,2.7,1.01,1.27,1.58,1.85,2.02,2,1.95,1.72,1.42,1.18,1.01,0.94,7.5,10.9,13.9,15.6,16.2,16.5,16.1,14.4,12.4,9.4,7.6,6.4,14.9,18.3,21.3,23,23.6,23.9,22.7,21.1,19.1,16,14.3,13,11.2,14.6,17.6,19.3,19.9,20.2,19.4,17.8,15.7,12.7,10.9,9.7,1451.57189,10372,12274,14733,17416,18822,20038,18247,17368,15856,13627,12308,10716,38.55146,31.2816,35.7232,39.18693,47,40,71,211,350,357,365,340,211,190,101,52,40.32267,12.79127,1.33715,1206.00006,27.026,18.30704,1281.70739,200,1072,139,1072,67.42963,40,365,2335,10.61667,19.83333,11.83333,19.83333,17.5,6.4,23.9,382.98149,40.14286,7.025,15.75417,197.61322,19355
GD09,purple,121.0139,24.0206,GD,2.9,2.8,2.9,2.8,3.1,3.3,3.1,2.6,3,3.1,2.7,2.7,1.01,1.27,1.58,1.85,2.02,2,1.95,1.72,1.42,1.18,1.01,0.94,7.5,10.9,13.9,15.6,16.2,16.5,16.1,14.4,12.4,9.4,7.6,6.4,14.9,18.3,21.3,23,23.6,23.9,22.7,21.1,19.1,16,14.3,13,11.2,14.6,17.6,19.3,19.9,20.2,19.4,17.8,15.7,12.7,10.9,9.7,1451.57189,10372,12274,14733,17416,18822,20038,18247,17368,15856,13627,12308,10716,38.55146,31.2816,35.7232,39.18693,47,40,71,211,350,357,365,340,211,190,101,52,40.32267,12.79127,1.33715,1206.00006,27.026,18.30704,1281.70739,200,1072,139,1072,67.42963,40,365,2335,10.61667,19.83333,11.83333,19.83333,17.5,6.4,23.9,382.98149,40.14286,7.025,15.75417,197.61322,19355
GF01,purple,121.3719,23.6725,GF,4.5,5.3,3.4,3.6,3.6,3.5,3.3,3.1,3.9,5.2,4.8,4.3,1.31,1.62,1.97,2.29,2.49,2.51,2.4,2.13,1.78,1.5,1.28,1.22,12,15.4,18.2,19.7,20.8,21.2,19.8,18.2,16,13.2,11.3,10.6,18,21.4,24.2,25.7,26.8,27.2,26.2,24.6,22.4,19.7,17.7,17,15,18.4,21.2,22.7,23.8,24.2,23,21.4,19.2,16.4,14.5,13.8,867.00565,9805,11477,14275,17503,19457,20876,18744,17790,16240,13689,11753,10212,38.86116,33.52966,26.40701,27.13227,77,85,196,294,288,294,274,302,144,115,89,69,42.56933,40.30623,1.06928,1338.00001,28.72833,17.83015,1095.38584,235,856,231,876,52.86314,69,302,2227,14.43333,23.66667,15.73333,23.56667,16.6,10.6,27.2,378.87668,37.3996,6.20833,19.47083,135.54555,16643
GF02,purple,121.3719,23.6714,GF,4.5,5.3,3.4,3.6,3.6,3.5,3.3,3.1,3.9,5.2,4.8,4.3,1.31,1.62,1.97,2.29,2.49,2.51,2.4,2.13,1.78,1.5,1.28,1.22,12,15.4,18.2,19.7,20.8,21.2,19.8,18.2,16,13.2,11.3,10.6,18,21.4,24.2,25.7,26.8,27.2,26.2,24.6,22.4,19.7,17.7,17,15,18.4,21.2,22.7,23.8,24.2,23,21.4,19.2,16.4,14.5,13.8,867.00565,9805,11477,14275,17503,19457,20876,18744,17790,16240,13689,11753,10212,38.86116,33.52966,26.40701,27.13227,77,85,196,294,288,294,274,302,144,115,89,69,42.56933,40.30623,1.06928,1338.00001,28.72833,17.83015,1095.38584,235,856,231,876,52.86314,69,302,2227,14.43333,23.66667,15.73333,23.56667,16.6,10.6,27.2,378.87668,37.3996,6.20833,19.47083,135.54555,16643
GF03,purple,121.3722,23.6711,GF,4.5,5.3,3.4,3.6,3.6,3.5,3.3,3.1,3.9,5.2,4.8,4.3,1.31,1.62,1.97,2.29,2.49,2.51,2.4,2.13,1.78,1.5,1.28,1.22,12,15.4,18.2,19.7,20.8,21.2,19.8,18.2,16,13.2,11.3,10.6,18,21.4,24.2,25.7,26.8,27.2,26.2,24.6,22.4,19.7,17.7,17,15,18.4,21.2,22.7,23.8,24.2,23,21.4,19.2,16.4,14.5,13.8,867.00565,9805,11477,14275,17503,19457,20876,18744,17790,16240,13689,11753,10212,38.86116,33.52966,26.40701,27.13227,77,85,196,294,288,294,274,302,144,115,89,69,42.56933,40.30623,1.06928,1338.00001,28.72833,17.83015,1095.38584,235,856,231,876,52.86314,69,302,2227,14.43333,23.66667,15.73333,23.56667,16.6,10.6,27.2,378.87668,37.3996,6.20833,19.47083,135.54555,16643
GF05,purple,121.3719,23.6711,GF,4.5,5.3,3.4,3.6,3.6,3.5,3.3,3.1,3.9,5.2,4.8,4.3,1.31,1.62,1.97,2.29,2.49,2.51,2.4,2.13,1.78,1.5,1.28,1.22,12,15.4,18.2,19.7,20.8,21.2,19.8,18.2,16,13.2,11.3,10.6,18,21.4,24.2,25.7,26.8,27.2,26.2,24.6,22.4,19.7,17.7,17,15,18.4,21.2,22.7,23.8,24.2,23,21.4,19.2,16.4,14.5,13.8,867.00565,9805,11477,14275,17503,19457,20876,18744,17790,16240,13689,11753,10212,38.86116,33.52966,26.40701,27.13227,77,85,196,294,288,294,274,302,144,115,89,69,42.56933,40.30623,1.06928,1338.00001,28.72833,17.83015,1095.38584,235,856,231,876,52.86314,69,302,2227,14.43333,23.66667,15.73333,23.56667,16.6,10.6,27.2,378.87668,37.3996,6.20833,19.47083,135.54555,16643
GS01,kuoi,120.8175,22.1231,GS,3.8,3.4,3.3,3,3.3,3.8,3.7,3.5,3.2,3.1,3.6,3.9,1.74,2.08,2.47,2.77,2.96,2.99,2.92,2.66,2.33,2.02,1.74,1.66,17.2,19.8,22.1,23.1,23.5,23.7,23.5,22.6,20.7,18.4,16.3,15.9,22.3,24.9,27.2,28.2,28.6,28.8,28.7,27.8,25.9,23.7,21.6,21.1,19.8,22.4,24.7,25.7,26,26.3,26.1,25.2,23.3,21,18.9,18.5,329.78104,11828,13164,15830,17710,18932,19982,19175,19033,17766,16024,13823,12296,38.66324,28.6899,19.34285,19.24827,39,61,197,399,629,571,423,237,72,42,55,48,42.58302,10.22143,0.92321,1457.99999,31.43523,20.5166,1312.56479,142,1623,142,1623,94.71471,39,629,2773,19.06667,26.13333,19.06667,26.13333,12.9,15.9,28.8,294.37146,40.05168,5.16667,23.15,169.20527,19007
GS02,kuoi,120.8175,22.1232,GS,3.8,3.4,3.3,3,3.3,3.8,3.7,3.5,3.2,3.1,3.6,3.9,1.74,2.08,2.47,2.77,2.96,2.99,2.92,2.66,2.33,2.02,1.74,1.66,17.2,19.8,22.1,23.1,23.5,23.7,23.5,22.6,20.7,18.4,16.3,15.9,22.3,24.9,27.2,28.2,28.6,28.8,28.7,27.8,25.9,23.7,21.6,21.1,19.8,22.4,24.7,25.7,26,26.3,26.1,25.2,23.3,21,18.9,18.5,329.78104,11828,13164,15830,17710,18932,19982,19175,19033,17766,16024,13823,12296,38.66324,28.6899,19.34285,19.24827,39,61,197,399,629,571,423,237,72,42,55,48,42.58302,10.22143,0.92321,1457.99999,31.43523,20.5166,1312.56479,142,1623,142,1623,94.71471,39,629,2773,19.06667,26.13333,19.06667,26.13333,12.9,15.9,28.8,294.37146,40.05168,5.16667,23.15,169.20527,19007
GS03,kuoi,120.8361,22.1242,GS,3.5,3.8,3.7,3,3.3,4.1,3.8,3.6,3.4,3.2,3.4,3.9,1.73,2.07,2.46,2.76,2.95,2.98,2.91,2.65,2.32,2.01,1.74,1.65,17.2,19.8,22.1,23.1,23.4,23.7,23.5,22.6,20.7,18.5,16.4,16,22.3,24.9,27.1,28.2,28.5,28.8,28.5,27.6,25.8,23.5,21.5,21.1,19.7,22.3,24.6,25.6,26,26.3,26,25.1,23.2,21,18.9,18.5,305.08186,11619,13040,15721,17658,18842,19991,19150,19006,17719,15911,13693,12114,37.29742,27.04365,18.04616,17.98979,44,64,204,406,630,575,421,240,74,44,59,54,42.32626,10.63071,1.04857,1457.00005,34.01112,19.0017,1304.22239,157,1626,157,1626,93.02555,44,630,2815,19.08333,26.06667,19.5,26.06667,12.8,16,28.8,291.30845,39.58333,5.06667,23.11667,163.13185,19319
GS04,kuoi,120.8361,22.1244,GS,3.5,3.8,3.7,3,3.3,4.1,3.8,3.6,3.4,3.2,3.4,3.9,1.73,2.07,2.46,2.76,2.95,2.98,2.91,2.65,2.32,2.01,1.74,1.65,17.2,19.8,22.1,23.1,23.4,23.7,23.5,22.6,20.7,18.5,16.4,16,22.3,24.9,27.1,28.2,28.5,28.8,28.5,27.6,25.8,23.5,21.5,21.1,19.7,22.3,24.6,25.6,26,26.3,26,25.1,23.2,21,18.9,18.5,305.08186,11619,13040,15721,17658,18842,19991,19150,19006,17719,15911,13693,12114,37.29742,27.04365,18.04616,17.98979,44,64,204,406,630,575,421,240,74,44,59,54,42.32626,10.63071,1.04857,1457.00005,34.01112,19.0017,1304.22239,157,1626,157,1626,93.02555,44,630,2815,19.08333,26.06667,19.5,26.06667,12.8,16,28.8,291.30845,39.58333,5.06667,23.11667,163.13185,19319
GS05,kuoi,120.8358,22.1247,GS,3.5,3.8,3.7,3,3.3,4.1,3.8,3.6,3.4,3.2,3.4,3.9,1.73,2.07,2.46,2.76,2.95,2.98,2.91,2.65,2.32,2.01,1.74,1.65,17.2,19.8,22.1,23.1,23.4,23.7,23.5,22.6,20.7,18.5,16.4,16,22.3,24.9,27.1,28.2,28.5,28.8,28.5,27.6,25.8,23.5,21.5,21.1,19.7,22.3,24.6,25.6,26,26.3,26,25.1,23.2,21,18.9,18.5,305.08186,11619,13040,15721,17658,18842,19991,19150,19006,17719,15911,13693,12114,37.29742,27.04365,18.04616,17.98979,44,64,204,406,630,575,421,240,74,44,59,54,42.32626,10.63071,1.04857,1457.00005,34.01112,19.0017,1304.22239,157,1626,157,1626,93.02555,44,630,2815,19.08333,26.06667,19.5,26.06667,12.8,16,28.8,291.30845,39.58333,5.06667,23.11667,163.13185,19319
HS03,longinux,121.1292,23.0794,HS,4.6,5.1,4.1,3.3,3.6,3.6,3.4,3.2,3.9,4.6,3.9,3.9,1.23,1.53,1.85,2.14,2.31,2.33,2.24,2.01,1.69,1.44,1.23,1.16,10.3,13.7,16.2,17.6,18.1,18.4,18.4,17.1,15,12.2,10.3,9.3,16.7,20,22.5,23.9,24.5,24.8,23.9,22.6,20.6,17.7,15.9,14.8,13.5,16.8,19.3,20.8,21.3,21.6,21.1,19.9,17.8,14.9,13.1,12.1,1164.2242,10258,11990,14798,17491,19075,20319,18498,17927,16423,14164,12400,10656,40.59102,32.23376,30.8945,32.69235,57,60,168,274,284,386,205,219,94,72,62,41,42.29551,24.94469,1.02672,1200.00001,29.82759,22.58343,1208.26156,160,875,158,944,70.37102,41,386,1922,12.88333,21.35,14.13333,21.21667,15.5,9.3,24.8,351.27769,38.33334,5.94167,17.6875,220.56739,16008
HS05,longinux,121.1292,23.0797,HS,4.6,5.1,4.1,3.3,3.6,3.6,3.4,3.2,3.9,4.6,3.9,3.9,1.23,1.53,1.85,2.14,2.31,2.33,2.24,2.01,1.69,1.44,1.23,1.16,10.3,13.7,16.2,17.6,18.1,18.4,18.4,17.1,15,12.2,10.3,9.3,16.7,20,22.5,23.9,24.5,24.8,23.9,22.6,20.6,17.7,15.9,14.8,13.5,16.8,19.3,20.8,21.3,21.6,21.1,19.9,17.8,14.9,13.1,12.1,1164.2242,10258,11990,14798,17491,19075,20319,18498,17927,16423,14164,12400,10656,40.59102,32.23376,30.8945,32.69235,57,60,168,274,284,386,205,219,94,72,62,41,42.29551,24.94469,1.02672,1200.00001,29.82759,22.58343,1208.26156,160,875,158,944,70.37102,41,386,1922,12.88333,21.35,14.13333,21.21667,15.5,9.3,24.8,351.27769,38.33334,5.94167,17.6875,220.56739,16008
HS06,longinux,121.1292,23.08,HS,4.6,5.1,4.1,3.3,3.6,3.6,3.4,3.2,3.9,4.6,3.9,3.9,1.23,1.53,1.85,2.14,2.31,2.33,2.24,2.01,1.69,1.44,1.23,1.16,10.3,13.7,16.2,17.6,18.1,18.4,18.4,17.1,15,12.2,10.3,9.3,16.7,20,22.5,23.9,24.5,24.8,23.9,22.6,20.6,17.7,15.9,14.8,13.5,16.8,19.3,20.8,21.3,21.6,21.1,19.9,17.8,14.9,13.1,12.1,1164.2242,10258,11990,14798,17491,19075,20319,18498,17927,16423,14164,12400,10656,40.59102,32.23376,30.8945,32.69235,57,60,168,274,284,386,205,219,94,72,62,41,42.29551,24.94469,1.02672,1200.00001,29.82759,22.58343,1208.26156,160,875,158,944,70.37102,41,386,1922,12.88333,21.35,14.13333,21.21667,15.5,9.3,24.8,351.27769,38.33334,5.94167,17.6875,220.56739,16008
HS07,longinux,121.1292,23.081,HS,4.6,5.1,4.1,3.3,3.6,3.6,3.4,3.2,3.9,4.6,3.9,3.9,1.23,1.53,1.85,2.14,2.31,2.33,2.24,2.01,1.69,1.44,1.23,1.16,10.3,13.7,16.2,17.6,18.1,18.4,18.4,17.1,15,12.2,10.3,9.3,16.7,20,22.5,23.9,24.5,24.8,23.9,22.6,20.6,17.7,15.9,14.8,13.5,16.8,19.3,20.8,21.3,21.6,21.1,19.9,17.8,14.9,13.1,12.1,1164.2242,10258,11990,14798,17491,19075,20319,18498,17927,16423,14164,12400,10656,40.59102,32.23376,30.8945,32.69235,57,60,168,274,284,386,205,219,94,72,62,41,42.29551,24.94469,1.02672,1200.00001,29.82759,22.58343,1208.26156,160,875,158,944,70.37102,41,386,1922,12.88333,21.35,14.13333,21.21667,15.5,9.3,24.8,351.27769,38.33334,5.94167,17.6875,220.56739,16008
HS08,longinux,121.1294,23.08,HS,4.6,5.1,4.1,3.3,3.6,3.6,3.4,3.2,3.9,4.6,3.9,3.9,1.23,1.53,1.85,2.14,2.31,2.33,2.24,2.01,1.69,1.44,1.23,1.16,10.3,13.7,16.2,17.6,18.1,18.4,18.4,17.1,15,12.2,10.3,9.3,16.7,20,22.5,23.9,24.5,24.8,23.9,22.6,20.6,17.7,15.9,14.8,13.5,16.8,19.3,20.8,21.3,21.6,21.1,19.9,17.8,14.9,13.1,12.1,1164.2242,10258,11990,14798,17491,19075,20319,18498,17927,16423,14164,12400,10656,40.59102,32.23376,30.8945,32.69235,57,60,168,274,284,386,205,219,94,72,62,41,42.29551,24.94469,1.02672,1200.00001,29.82759,22.58343,1208.26156,160,875,158,944,70.37102,41,386,1922,12.88333,21.35,14.13333,21.21667,15.5,9.3,24.8,351.27769,38.33334,5.94167,17.6875,220.56739,16008
HS09,longinux,121.1294,23.0803,HS,4.6,5.1,4.1,3.3,3.6,3.6,3.4,3.2,3.9,4.6,3.9,3.9,1.23,1.53,1.85,2.14,2.31,2.33,2.24,2.01,1.69,1.44,1.23,1.16,10.3,13.7,16.2,17.6,18.1,18.4,18.4,17.1,15,12.2,10.3,9.3,16.7,20,22.5,23.9,24.5,24.8,23.9,22.6,20.6,17.7,15.9,14.8,13.5,16.8,19.3,20.8,21.3,21.6,21.1,19.9,17.8,14.9,13.1,12.1,1164.2242,10258,11990,14798,17491,19075,20319,18498,17927,16423,14164,12400,10656,40.59102,32.23376,30.8945,32.69235,57,60,168,274,284,386,205,219,94,72,62,41,42.29551,24.94469,1.02672,1200.00001,29.82759,22.58343,1208.26156,160,875,158,944,70.37102,41,386,1922,12.88333,21.35,14.13333,21.21667,15.5,9.3,24.8,351.27769,38.33334,5.94167,17.6875,220.56739,16008
HSL06,longinux,121.0286,24.0761,HSL,2.7,2.7,2.1,2.9,3.1,3.1,2.9,3.1,3,2.8,2.7,2.5,1.12,1.41,1.75,2.04,2.23,2.22,2.15,1.9,1.57,1.3,1.11,1.05,9.2,12.8,15.8,17.4,18,18.3,17.4,15.7,13.5,10.3,8.8,7.4,16.1,19.8,22.8,24.3,25,25.3,24.5,22.7,20.6,17.4,15.8,14.5,12.6,16.3,19.3,20.8,21.5,21.8,21,19.2,17,13.8,12.3,11,1131.92106,10614,12680,15341,18264,19621,20960,18748,17614,16097,13943,12601,10950,39.84362,28.76242,35.33439,37.96021,47,35,69,202,352,335,421,366,212,183,102,53,41.77856,12.22101,1.15287,1247.99989,28.85615,19.27452,1274.4999,202,1108,135,1122,70.57089,35,421,2377,11.96667,21.41667,13.3,20.65,17.9,7.4,25.3,394.5855,39.19926,7.01667,17.225,193.81514,19045
HSL07,longinux,121.0289,24.0675,HSL,2.9,3.1,2.4,3.4,3.2,2.9,3.5,3.5,2.9,3.1,2.9,2.7,1.02,1.29,1.61,1.88,2.06,2.04,1.98,1.75,1.44,1.19,1.02,0.96,7.7,11.2,14.2,15.8,16.5,16.8,16.2,14.5,12.3,9.2,7.6,6.2,14.8,18.3,21.3,22.9,23.6,23.9,22.9,21.1,19,15.9,14.2,12.9,11.3,14.8,17.7,19.4,20.1,20.3,19.5,17.8,15.7,12.6,10.9,9.6,1439.14396,10425,12495,15112,17960,19256,20467,18440,17414,15890,13772,12390,10741,41.02326,27.88311,31.35712,33.11785,49,39,69,206,339,345,367,343,215,196,103,54,42.17591,13.74734,1.68838,1195,30.02084,19.96848,1254.32467,206,1051,142,1055,66.60851,39,367,2325,10.56667,19.98333,11.85,19.23333,17.7,6.2,23.9,391.60993,38.88889,6.88333,15.79167,186.28904,19443
HSL08,longinux,121.0294,24.0744,HSL,2.9,3.1,2.4,3.4,3.2,2.9,3.5,3.5,2.9,3.1,2.9,2.7,1.02,1.29,1.61,1.88,2.06,2.04,1.98,1.75,1.44,1.19,1.02,0.96,7.7,11.2,14.2,15.8,16.5,16.8,16.2,14.5,12.3,9.2,7.6,6.2,14.8,18.3,21.3,22.9,23.6,23.9,22.9,21.1,19,15.9,14.2,12.9,11.3,14.8,17.7,19.4,20.1,20.3,19.5,17.8,15.7,12.6,10.9,9.6,1439.14396,10425,12495,15112,17960,19256,20467,18440,17414,15890,13772,12390,10741,41.02326,27.88311,31.35712,33.11785,49,39,69,206,339,345,367,343,215,196,103,54,42.17591,13.74734,1.68838,1195,30.02084,19.96848,1254.32467,206,1051,142,1055,66.60851,39,367,2325,10.56667,19.98333,11.85,19.23333,17.7,6.2,23.9,391.60993,38.88889,6.88333,15.79167,186.28904,19443
HSL09,longinux,121.03,24.0744,HSL,2.9,3.1,2.4,3.4,3.2,2.9,3.5,3.5,2.9,3.1,2.9,2.7,1.02,1.29,1.61,1.88,2.06,2.04,1.98,1.75,1.44,1.19,1.02,0.96,7.7,11.2,14.2,15.8,16.5,16.8,16.2,14.5,12.3,9.2,7.6,6.2,14.8,18.3,21.3,22.9,23.6,23.9,22.9,21.1,19,15.9,14.2,12.9,11.3,14.8,17.7,19.4,20.1,20.3,19.5,17.8,15.7,12.6,10.9,9.6,1439.14396,10425,12495,15112,17960,19256,20467,18440,17414,15890,13772,12390,10741,41.02326,27.88311,31.35712,33.11785,49,39,69,206,339,345,367,343,215,196,103,54,42.17591,13.74734,1.68838,1195,30.02084,19.96848,1254.32467,206,1051,142,1055,66.60851,39,367,2325,10.56667,19.98333,11.85,19.23333,17.7,6.2,23.9,391.60993,38.88889,6.88333,15.79167,186.28904,19443
HSL10,longinux,121.0297,24.0742,HSL,2.9,3.1,2.4,3.4,3.2,2.9,3.5,3.5,2.9,3.1,2.9,2.7,1.02,1.29,1.61,1.88,2.06,2.04,1.98,1.75,1.44,1.19,1.02,0.96,7.7,11.2,14.2,15.8,16.5,16.8,16.2,14.5,12.3,9.2,7.6,6.2,14.8,18.3,21.3,22.9,23.6,23.9,22.9,21.1,19,15.9,14.2,12.9,11.3,14.8,17.7,19.4,20.1,20.3,19.5,17.8,15.7,12.6,10.9,9.6,1439.14396,10425,12495,15112,17960,19256,20467,18440,17414,15890,13772,12390,10741,41.02326,27.88311,31.35712,33.11785,49,39,69,206,339,345,367,343,215,196,103,54,42.17591,13.74734,1.68838,1195,30.02084,19.96848,1254.32467,206,1051,142,1055,66.60851,39,367,2325,10.56667,19.98333,11.85,19.23333,17.7,6.2,23.9,391.60993,38.88889,6.88333,15.79167,186.28904,19443
HSL11,longinux,121.03,24.0743,HSL,2.9,3.1,2.4,3.4,3.2,2.9,3.5,3.5,2.9,3.1,2.9,2.7,1.02,1.29,1.61,1.88,2.06,2.04,1.98,1.75,1.44,1.19,1.02,0.96,7.7,11.2,14.2,15.8,16.5,16.8,16.2,14.5,12.3,9.2,7.6,6.2,14.8,18.3,21.3,22.9,23.6,23.9,22.9,21.1,19,15.9,14.2,12.9,11.3,14.8,17.7,19.4,20.1,20.3,19.5,17.8,15.7,12.6,10.9,9.6,1439.14396,10425,12495,15112,17960,19256,20467,18440,17414,15890,13772,12390,10741,41.02326,27.88311,31.35712,33.11785,49,39,69,206,339,345,367,343,215,196,103,54,42.17591,13.74734,1.68838,1195,30.02084,19.96848,1254.32467,206,1051,142,1055,66.60851,39,367,2325,10.56667,19.98333,11.85,19.23333,17.7,6.2,23.9,391.60993,38.88889,6.88333,15.79167,186.28904,19443
JCG01,longinux,121.6656,24.8787,JCG,4.1,4.9,2.5,3.2,3.5,4,3.3,3.3,3.5,3.9,3.6,4.1,1.36,1.72,2.1,2.5,2.76,2.77,2.63,2.26,1.84,1.51,1.29,1.26,11.8,15.8,19.1,21.3,22.7,23,20.9,18.5,15.9,12.1,10.7,9.6,16.9,20.9,24.2,26.4,27.8,28.1,26.6,24.2,21.5,17.7,16.3,15.3,14.3,18.4,21.7,23.9,25.3,25.5,23.8,21.4,18.7,14.9,13.5,12.4,475.85691,9122,10782,13619,17415,20055,21185,18504,17117,15481,12503,10721,9420,40.20727,31.40492,28.56299,30.31277,169,204,363,451,390,319,311,278,175,198,177,157,41.3927,52.12876,1.23689,1187.99996,31.45387,18.66976,1221.99465,503,1160,503,1204,37.44433,157,451,3192,13.43333,24.88333,13.43333,23.58333,18.5,9.6,28.1,476.76208,29.05405,5.375,19.47083,142.73454,26861
JCG02,longinux,121.6656,24.8788,JCG,4.1,4.9,2.5,3.2,3.5,4,3.3,3.3,3.5,3.9,3.6,4.1,1.36,1.72,2.1,2.5,2.76,2.77,2.63,2.26,1.84,1.51,1.29,1.26,11.8,15.8,19.1,21.3,22.7,23,20.9,18.5,15.9,12.1,10.7,9.6,16.9,20.9,24.2,26.4,27.8,28.1,26.6,24.2,21.5,17.7,16.3,15.3,14.3,18.4,21.7,23.9,25.3,25.5,23.8,21.4,18.7,14.9,13.5,12.4,475.85691,9122,10782,13619,17415,20055,21185,18504,17117,15481,12503,10721,9420,40.20727,31.40492,28.56299,30.31277,169,204,363,451,390,319,311,278,175,198,177,157,41.3927,52.12876,1.23689,1187.99996,31.45387,18.66976,1221.99465,503,1160,503,1204,37.44433,157,451,3192,13.43333,24.88333,13.43333,23.58333,18.5,9.6,28.1,476.76208,29.05405,5.375,19.47083,142.73454,26861
JCG03,longinux,121.6656,24.8789,JCG,4.1,4.9,2.5,3.2,3.5,4,3.3,3.3,3.5,3.9,3.6,4.1,1.36,1.72,2.1,2.5,2.76,2.77,2.63,2.26,1.84,1.51,1.29,1.26,11.8,15.8,19.1,21.3,22.7,23,20.9,18.5,15.9,12.1,10.7,9.6,16.9,20.9,24.2,26.4,27.8,28.1,26.6,24.2,21.5,17.7,16.3,15.3,14.3,18.4,21.7,23.9,25.3,25.5,23.8,21.4,18.7,14.9,13.5,12.4,475.85691,9122,10782,13619,17415,20055,21185,18504,17117,15481,12503,10721,9420,40.20727,31.40492,28.56299,30.31277,169,204,363,451,390,319,311,278,175,198,177,157,41.3927,52.12876,1.23689,1187.99996,31.45387,18.66976,1221.99465,503,1160,503,1204,37.44433,157,451,3192,13.43333,24.88333,13.43333,23.58333,18.5,9.6,28.1,476.76208,29.05405,5.375,19.47083,142.73454,26861
JCG07,longinux,121.6647,24.8782,JCG,4.1,4.9,2.5,3.2,3.5,4,3.3,3.3,3.5,3.9,3.6,4.1,1.36,1.72,2.1,2.5,2.76,2.77,2.63,2.26,1.84,1.51,1.29,1.26,11.8,15.8,19.1,21.3,22.7,23,20.9,18.5,15.9,12.1,10.7,9.6,16.9,20.9,24.2,26.4,27.8,28.1,26.6,24.2,21.5,17.7,16.3,15.3,14.3,18.4,21.7,23.9,25.3,25.5,23.8,21.4,18.7,14.9,13.5,12.4,475.85691,9122,10782,13619,17415,20055,21185,18504,17117,15481,12503,10721,9420,40.20727,31.40492,28.56299,30.31277,169,204,363,451,390,319,311,278,175,198,177,157,41.3927,52.12876,1.23689,1187.99996,31.45387,18.66976,1221.99465,503,1160,503,1204,37.44433,157,451,3192,13.43333,24.88333,13.43333,23.58333,18.5,9.6,28.1,476.76208,29.05405,5.375,19.47083,142.73454,26861
JCG08,longinux,121.6647,24.8783,JCG,4.1,4.9,2.5,3.2,3.5,4,3.3,3.3,3.5,3.9,3.6,4.1,1.36,1.72,2.1,2.5,2.76,2.77,2.63,2.26,1.84,1.51,1.29,1.26,11.8,15.8,19.1,21.3,22.7,23,20.9,18.5,15.9,12.1,10.7,9.6,16.9,20.9,24.2,26.4,27.8,28.1,26.6,24.2,21.5,17.7,16.3,15.3,14.3,18.4,21.7,23.9,25.3,25.5,23.8,21.4,18.7,14.9,13.5,12.4,475.85691,9122,10782,13619,17415,20055,21185,18504,17117,15481,12503,10721,9420,40.20727,31.40492,28.56299,30.31277,169,204,363,451,390,319,311,278,175,198,177,157,41.3927,52.12876,1.23689,1187.99996,31.45387,18.66976,1221.99465,503,1160,503,1204,37.44433,157,451,3192,13.43333,24.88333,13.43333,23.58333,18.5,9.6,28.1,476.76208,29.05405,5.375,19.47083,142.73454,26861
JCG09,longinux,121.6642,24.8781,JCG,4.1,4.9,2.5,3.2,3.5,4,3.3,3.3,3.5,3.9,3.6,4.1,1.36,1.72,2.1,2.5,2.76,2.77,2.63,2.26,1.84,1.51,1.29,1.26,11.8,15.8,19.1,21.3,22.7,23,20.9,18.5,15.9,12.1,10.7,9.6,16.9,20.9,24.2,26.4,27.8,28.1,26.6,24.2,21.5,17.7,16.3,15.3,14.3,18.4,21.7,23.9,25.3,25.5,23.8,21.4,18.7,14.9,13.5,12.4,475.85691,9122,10782,13619,17415,20055,21185,18504,17117,15481,12503,10721,9420,40.20727,31.40492,28.56299,30.31277,169,204,363,451,390,319,311,278,175,198,177,157,41.3927,52.12876,1.23689,1187.99996,31.45387,18.66976,1221.99465,503,1160,503,1204,37.44433,157,451,3192,13.43333,24.88333,13.43333,23.58333,18.5,9.6,28.1,476.76208,29.05405,5.375,19.47083,142.73454,26861
JCG11,longinux,121.6617,24.8778,JCG,4.1,4.9,2.5,3.2,3.5,4,3.3,3.3,3.5,3.9,3.6,4.1,1.36,1.72,2.1,2.5,2.76,2.77,2.63,2.26,1.84,1.51,1.29,1.26,11.8,15.8,19.1,21.3,22.7,23,20.9,18.5,15.9,12.1,10.7,9.6,16.9,20.9,24.2,26.4,27.8,28.1,26.6,24.2,21.5,17.7,16.3,15.3,14.3,18.4,21.7,23.9,25.3,25.5,23.8,21.4,18.7,14.9,13.5,12.4,475.85691,9122,10782,13619,17415,20055,21185,18504,17117,15481,12503,10721,9420,40.20727,31.40492,28.56299,30.31277,169,204,363,451,390,319,311,278,175,198,177,157,41.3927,52.12876,1.23689,1187.99996,31.45387,18.66976,1221.99465,503,1160,503,1204,37.44433,157,451,3192,13.43333,24.88333,13.43333,23.58333,18.5,9.6,28.1,476.76208,29.05405,5.375,19.47083,142.73454,26861
JCG12,longinux,121.6636,24.8778,JCG,4.1,4.9,2.5,3.2,3.5,4,3.3,3.3,3.5,3.9,3.6,4.1,1.36,1.72,2.1,2.5,2.76,2.77,2.63,2.26,1.84,1.51,1.29,1.26,11.8,15.8,19.1,21.3,22.7,23,20.9,18.5,15.9,12.1,10.7,9.6,16.9,20.9,24.2,26.4,27.8,28.1,26.6,24.2,21.5,17.7,16.3,15.3,14.3,18.4,21.7,23.9,25.3,25.5,23.8,21.4,18.7,14.9,13.5,12.4,475.85691,9122,10782,13619,17415,20055,21185,18504,17117,15481,12503,10721,9420,40.20727,31.40492,28.56299,30.31277,169,204,363,451,390,319,311,278,175,198,177,157,41.3927,52.12876,1.23689,1187.99996,31.45387,18.66976,1221.99465,503,1160,503,1204,37.44433,157,451,3192,13.43333,24.88333,13.43333,23.58333,18.5,9.6,28.1,476.76208,29.05405,5.375,19.47083,142.73454,26861
JSY01,longinux,120.7583,22.4072,JSY,4.6,4.6,4.6,4,3.6,3.6,3.9,3.5,4.2,4,4.8,5.1,1.21,1.49,1.8,2.06,2.24,2.25,2.17,1.96,1.65,1.42,1.22,1.14,10,13,15.3,16.6,16.8,16.7,17.4,16.6,14.8,12.3,10.3,9.5,16.3,19.2,21.5,22.8,23,23,22.1,21.3,19.5,17,15,14.2,13.2,16.1,18.4,19.7,19.9,19.8,19.7,18.9,17.2,14.6,12.6,11.8,1488.91011,10770,12510,14893,17021,17858,19021,18098,17975,16637,14707,12853,11238,40.02704,30.79944,32.14589,34.39411,65,77,267,547,863,888,522,376,125,79,68,51,41.62842,23.97538,1.92293,1116.00008,26.81487,23.80967,1228.05528,184,2273,184,2298,95.04165,51,888,3928,12.55,19.83333,12.55,19.81667,13.5,9.5,23,306.69672,40.49383,5.46667,16.84167,156.36741,35166
JSY02,longinux,120.7647,22.41,JSY,4.6,4.2,4.3,3.7,3.5,3.5,3.6,3.2,3.8,3.7,4.6,4.8,1.3,1.59,1.92,2.19,2.37,2.39,2.3,2.09,1.77,1.52,1.31,1.23,11.3,14.3,16.6,17.7,18,18,18.4,17.5,15.8,13.2,11.3,10.5,17.3,20.4,22.6,23.8,24,24,23.4,22.5,20.7,18.2,16.3,15.4,14.3,17.3,19.6,20.8,21,21,20.9,20,18.2,15.7,13.8,12.9,1245.7766,11045,12684,15092,17160,18058,19283,18309,18172,16833,14989,13123,11473,39.89184,31.80272,32.68317,35.68866,57,71,270,597,1008,959,599,410,124,73,60,44,40.52545,21.41069,1.6076,1170.99995,27.95001,27.14092,1206.9519,161,2566,161,2566,100.13241,44,1008,4272,13.68333,20.96667,13.68333,20.96667,13.5,10.5,24,306.1887,40.74074,5.5,17.96667,176.93245,36461
JSY03,longinux,120.7647,22.4103,JSY,4.6,4.2,4.3,3.7,3.5,3.5,3.6,3.2,3.8,3.7,4.6,4.8,1.3,1.59,1.92,2.19,2.37,2.39,2.3,2.09,1.77,1.52,1.31,1.23,11.3,14.3,16.6,17.7,18,18,18.4,17.5,15.8,13.2,11.3,10.5,17.3,20.4,22.6,23.8,24,24,23.4,22.5,20.7,18.2,16.3,15.4,14.3,17.3,19.6,20.8,21,21,20.9,20,18.2,15.7,13.8,12.9,1245.7766,11045,12684,15092,17160,18058,19283,18309,18172,16833,14989,13123,11473,39.89184,31.80272,32.68317,35.68866,57,71,270,597,1008,959,599,410,124,73,60,44,40.52545,21.41069,1.6076,1170.99995,27.95001,27.14092,1206.9519,161,2566,161,2566,100.13241,44,1008,4272,13.68333,20.96667,13.68333,20.96667,13.5,10.5,24,306.1887,40.74074,5.5,17.96667,176.93245,36461
JSY04,longinux,120.7653,22.4097,JSY,4.6,4.2,4.3,3.7,3.5,3.5,3.6,3.2,3.8,3.7,4.6,4.8,1.3,1.59,1.92,2.19,2.37,2.39,2.3,2.09,1.77,1.52,1.31,1.23,11.3,14.3,16.6,17.7,18,18,18.4,17.5,15.8,13.2,11.3,10.5,17.3,20.4,22.6,23.8,24,24,23.4,22.5,20.7,18.2,16.3,15.4,14.3,17.3,19.6,20.8,21,21,20.9,20,18.2,15.7,13.8,12.9,1245.7766,11045,12684,15092,17160,18058,19283,18309,18172,16833,14989,13123,11473,39.89184,31.80272,32.68317,35.68866,57,71,270,597,1008,959,599,410,124,73,60,44,40.52545,21.41069,1.6076,1170.99995,27.95001,27.14092,1206.9519,161,2566,161,2566,100.13241,44,1008,4272,13.68333,20.96667,13.68333,20.96667,13.5,10.5,24,306.1887,40.74074,5.5,17.96667,176.93245,36461
JSY05,longinux,120.7661,22.4094,JSY,4.6,4.2,4.3,3.7,3.5,3.5,3.6,3.2,3.8,3.7,4.6,4.8,1.3,1.59,1.92,2.19,2.37,2.39,2.3,2.09,1.77,1.52,1.31,1.23,11.3,14.3,16.6,17.7,18,18,18.4,17.5,15.8,13.2,11.3,10.5,17.3,20.4,22.6,23.8,24,24,23.4,22.5,20.7,18.2,16.3,15.4,14.3,17.3,19.6,20.8,21,21,20.9,20,18.2,15.7,13.8,12.9,1245.7766,11045,12684,15092,17160,18058,19283,18309,18172,16833,14989,13123,11473,39.89184,31.80272,32.68317,35.68866,57,71,270,597,1008,959,599,410,124,73,60,44,40.52545,21.41069,1.6076,1170.99995,27.95001,27.14092,1206.9519,161,2566,161,2566,100.13241,44,1008,4272,13.68333,20.96667,13.68333,20.96667,13.5,10.5,24,306.1887,40.74074,5.5,17.96667,176.93245,36461
JSY06,longinux,120.7656,22.4094,JSY,4.6,4.2,4.3,3.7,3.5,3.5,3.6,3.2,3.8,3.7,4.6,4.8,1.3,1.59,1.92,2.19,2.37,2.39,2.3,2.09,1.77,1.52,1.31,1.23,11.3,14.3,16.6,17.7,18,18,18.4,17.5,15.8,13.2,11.3,10.5,17.3,20.4,22.6,23.8,24,24,23.4,22.5,20.7,18.2,16.3,15.4,14.3,17.3,19.6,20.8,21,21,20.9,20,18.2,15.7,13.8,12.9,1245.7766,11045,12684,15092,17160,18058,19283,18309,18172,16833,14989,13123,11473,39.89184,31.80272,32.68317,35.68866,57,71,270,597,1008,959,599,410,124,73,60,44,40.52545,21.41069,1.6076,1170.99995,27.95001,27.14092,1206.9519,161,2566,161,2566,100.13241,44,1008,4272,13.68333,20.96667,13.68333,20.96667,13.5,10.5,24,306.1887,40.74074,5.5,17.96667,176.93245,36461
JSY07,longinux,120.7706,22.4078,JSY,4.9,5,4.8,3.6,3.2,3.5,3.6,3.4,4,5.1,4.7,4.2,1.3,1.6,1.93,2.2,2.38,2.4,2.31,2.1,1.78,1.53,1.31,1.24,11.5,14.5,16.8,17.9,18.2,18.2,18.6,17.8,16.1,13.6,11.6,10.8,17.5,20.4,22.7,23.9,24.1,24.1,23.4,22.6,20.8,18.4,16.3,15.6,14.5,17.5,19.8,20.9,21.1,21.2,21,20.2,18.5,16,13.9,13.2,1233.78552,10652,12371,14776,16909,17927,19249,18291,18163,16793,14734,12665,11055,39.38075,29.63223,29.56986,31.47948,65,75,278,601,1010,959,599,411,124,73,64,52,42.26875,16.27866,1.54711,1183.00014,27.54253,20.2385,1209.83221,181,2568,181,2570,98.8387,52,1010,4311,13.88333,21.1,13.88333,21.06667,13.3,10.8,24.1,303.18637,40.22556,5.35,18.14167,162.0665,36420
JSY08,longinux,120.7711,22.4075,JSY,4.9,5,4.8,3.6,3.2,3.5,3.6,3.4,4,5.1,4.7,4.2,1.3,1.6,1.93,2.2,2.38,2.4,2.31,2.1,1.78,1.53,1.31,1.24,11.5,14.5,16.8,17.9,18.2,18.2,18.6,17.8,16.1,13.6,11.6,10.8,17.5,20.4,22.7,23.9,24.1,24.1,23.4,22.6,20.8,18.4,16.3,15.6,14.5,17.5,19.8,20.9,21.1,21.2,21,20.2,18.5,16,13.9,13.2,1233.78552,10652,12371,14776,16909,17927,19249,18291,18163,16793,14734,12665,11055,39.38075,29.63223,29.56986,31.47948,65,75,278,601,1010,959,599,411,124,73,64,52,42.26875,16.27866,1.54711,1183.00014,27.54253,20.2385,1209.83221,181,2568,181,2570,98.8387,52,1010,4311,13.88333,21.1,13.88333,21.06667,13.3,10.8,24.1,303.18637,40.22556,5.35,18.14167,162.0665,36420
JSY10,longinux,120.7747,22.4081,JSY,4.9,5,4.8,3.6,3.2,3.5,3.6,3.4,4,5.1,4.7,4.2,1.3,1.6,1.93,2.2,2.38,2.4,2.31,2.1,1.78,1.53,1.31,1.24,11.5,14.5,16.8,17.9,18.2,18.2,18.6,17.8,16.1,13.6,11.6,10.8,17.5,20.4,22.7,23.9,24.1,24.1,23.4,22.6,20.8,18.4,16.3,15.6,14.5,17.5,19.8,20.9,21.1,21.2,21,20.2,18.5,16,13.9,13.2,1233.78552,10652,12371,14776,16909,17927,19249,18291,18163,16793,14734,12665,11055,39.38075,29.63223,29.56986,31.47948,65,75,278,601,1010,959,599,411,124,73,64,52,42.26875,16.27866,1.54711,1183.00014,27.54253,20.2385,1209.83221,181,2568,181,2570,98.8387,52,1010,4311,13.88333,21.1,13.88333,21.06667,13.3,10.8,24.1,303.18637,40.22556,5.35,18.14167,162.0665,36420
JSY12,longinux,120.7747,22.4083,JSY,4.9,5,4.8,3.6,3.2,3.5,3.6,3.4,4,5.1,4.7,4.2,1.3,1.6,1.93,2.2,2.38,2.4,2.31,2.1,1.78,1.53,1.31,1.24,11.5,14.5,16.8,17.9,18.2,18.2,18.6,17.8,16.1,13.6,11.6,10.8,17.5,20.4,22.7,23.9,24.1,24.1,23.4,22.6,20.8,18.4,16.3,15.6,14.5,17.5,19.8,20.9,21.1,21.2,21,20.2,18.5,16,13.9,13.2,1233.78552,10652,12371,14776,16909,17927,19249,18291,18163,16793,14734,12665,11055,39.38075,29.63223,29.56986,31.47948,65,75,278,601,1010,959,599,411,124,73,64,52,42.26875,16.27866,1.54711,1183.00014,27.54253,20.2385,1209.83221,181,2568,181,2570,98.8387,52,1010,4311,13.88333,21.1,13.88333,21.06667,13.3,10.8,24.1,303.18637,40.22556,5.35,18.14167,162.0665,36420
JSY14,longinux,120.7764,22.4042,JSY,4.9,5.2,5,3.2,3.2,3.6,3.6,3.4,4,5.5,4.8,4.4,1.32,1.63,1.96,2.23,2.41,2.43,2.34,2.13,1.8,1.55,1.33,1.26,11.9,14.9,17.2,18.3,18.5,18.6,19,18.2,16.5,14,11.9,11.2,17.7,20.7,23,24.2,24.4,24.4,23.7,22.9,21.1,18.7,16.6,15.9,14.8,17.8,20.1,21.2,21.4,21.5,21.4,20.5,18.8,16.4,14.3,13.6,1221.19297,10653,12334,14698,16841,17927,19322,18352,18200,16814,14728,12666,11032,38.96971,30.74688,29.78487,31.90217,65,76,281,610,1032,967,608,415,124,72,64,53,42.24377,18.5877,1.54388,1200.00014,28.14845,20.40813,1209.94535,182,2607,182,2609,99.19457,53,1032,4367,14.2,21.43333,14.2,21.4,13.2,11.2,24.4,303.91729,39.83586,5.25833,18.47917,156.80053,36384
JSY15,longinux,120.7769,22.4028,JSY,4.9,5.2,5,3.2,3.2,3.6,3.6,3.4,4,5.5,4.8,4.4,1.32,1.63,1.96,2.23,2.41,2.43,2.34,2.13,1.8,1.55,1.33,1.26,11.9,14.9,17.2,18.3,18.5,18.6,19,18.2,16.5,14,11.9,11.2,17.7,20.7,23,24.2,24.4,24.4,23.7,22.9,21.1,18.7,16.6,15.9,14.8,17.8,20.1,21.2,21.4,21.5,21.4,20.5,18.8,16.4,14.3,13.6,1221.19297,10653,12334,14698,16841,17927,19322,18352,18200,16814,14728,12666,11032,38.96971,30.74688,29.78487,31.90217,65,76,281,610,1032,967,608,415,124,72,64,53,42.24377,18.5877,1.54388,1200.00014,28.14845,20.40813,1209.94535,182,2607,182,2609,99.19457,53,1032,4367,14.2,21.43333,14.2,21.4,13.2,11.2,24.4,303.91729,39.83586,5.25833,18.47917,156.80053,36384
JSY18,longinux,120.78,22.3981,JSY,4.6,5.3,4.5,2.9,3.1,3.5,3.4,3.2,3.8,5.2,4.6,4.2,1.4,1.71,2.06,2.34,2.52,2.55,2.46,2.23,1.9,1.64,1.41,1.33,12.8,15.8,18.1,19.2,19.4,19.5,19.8,18.9,17.2,14.8,12.7,12,18.6,21.6,23.9,25,25.2,25.2,24.7,23.8,22.1,19.7,17.6,16.9,15.7,18.7,21,22.1,22.3,22.4,22.2,21.3,19.6,17.2,15.1,14.4,970.35582,10765,12362,14742,16855,18058,19474,18551,18360,16971,14842,12790,11159,40.61829,31.98802,33.22914,36.89831,61,73,274,608,1044,959,612,414,119,69,62,51,41.6706,23.69527,1.46417,1237.00014,27.91178,17.47939,1221.45179,174,2615,174,2615,100.34224,51,1044,4346,15.1,22.3,15.1,22.3,13.2,12,25.2,301.95167,40.46717,5.34167,19.35417,169.04176,35120
JSY19,longinux,120.7806,22.3981,JSY,4.6,5.3,4.5,2.9,3.1,3.5,3.4,3.2,3.8,5.2,4.6,4.2,1.4,1.71,2.06,2.34,2.52,2.55,2.46,2.23,1.9,1.64,1.41,1.33,12.8,15.8,18.1,19.2,19.4,19.5,19.8,18.9,17.2,14.8,12.7,12,18.6,21.6,23.9,25,25.2,25.2,24.7,23.8,22.1,19.7,17.6,16.9,15.7,18.7,21,22.1,22.3,22.4,22.2,21.3,19.6,17.2,15.1,14.4,970.35582,10765,12362,14742,16855,18058,19474,18551,18360,16971,14842,12790,11159,40.61829,31.98802,33.22914,36.89831,61,73,274,608,1044,959,612,414,119,69,62,51,41.6706,23.69527,1.46417,1237.00014,27.91178,17.47939,1221.45179,174,2615,174,2615,100.34224,51,1044,4346,15.1,22.3,15.1,22.3,13.2,12,25.2,301.95167,40.46717,5.34167,19.35417,169.04176,35120
JSY20,longinux,120.7639,22.4094,JSY,4.6,4.2,4.3,3.7,3.5,3.5,3.6,3.2,3.8,3.7,4.6,4.8,1.3,1.59,1.92,2.19,2.37,2.39,2.3,2.09,1.77,1.52,1.31,1.23,11.3,14.3,16.6,17.7,18,18,18.4,17.5,15.8,13.2,11.3,10.5,17.3,20.4,22.6,23.8,24,24,23.4,22.5,20.7,18.2,16.3,15.4,14.3,17.3,19.6,20.8,21,21,20.9,20,18.2,15.7,13.8,12.9,1245.7766,11045,12684,15092,17160,18058,19283,18309,18172,16833,14989,13123,11473,39.89184,31.80272,32.68317,35.68866,57,71,270,597,1008,959,599,410,124,73,60,44,40.52545,21.41069,1.6076,1170.99995,27.95001,27.14092,1206.9519,161,2566,161,2566,100.13241,44,1008,4272,13.68333,20.96667,13.68333,20.96667,13.5,10.5,24,306.1887,40.74074,5.5,17.96667,176.93245,36461
JSY21,longinux,120.7647,22.4094,JSY,4.6,4.2,4.3,3.7,3.5,3.5,3.6,3.2,3.8,3.7,4.6,4.8,1.3,1.59,1.92,2.19,2.37,2.39,2.3,2.09,1.77,1.52,1.31,1.23,11.3,14.3,16.6,17.7,18,18,18.4,17.5,15.8,13.2,11.3,10.5,17.3,20.4,22.6,23.8,24,24,23.4,22.5,20.7,18.2,16.3,15.4,14.3,17.3,19.6,20.8,21,21,20.9,20,18.2,15.7,13.8,12.9,1245.7766,11045,12684,15092,17160,18058,19283,18309,18172,16833,14989,13123,11473,39.89184,31.80272,32.68317,35.68866,57,71,270,597,1008,959,599,410,124,73,60,44,40.52545,21.41069,1.6076,1170.99995,27.95001,27.14092,1206.9519,161,2566,161,2566,100.13241,44,1008,4272,13.68333,20.96667,13.68333,20.96667,13.5,10.5,24,306.1887,40.74074,5.5,17.96667,176.93245,36461
LB01,purple,121.2842,24.6717,YL,3.3,3.2,3,4.1,3.5,3.2,3.8,3.7,3.2,3.2,3,3.6,1,1.29,1.62,1.94,2.16,2.15,2.04,1.75,1.41,1.15,0.98,0.93,6.9,10.7,13.5,15.6,16.6,17,16.3,14.2,11.7,8.4,6.3,5.4,13.8,17.6,20.4,22.5,23.5,23.8,22.3,20.2,17.8,14.4,12.4,11.5,10.4,14.1,17,19,20.1,20.4,19.3,17.2,14.7,11.4,9.3,8.4,1332.9864,10011,11913,14575,17598,19619,20759,18253,17079,15532,13101,11764,10175,40.11822,33.67072,31.42543,33.0097,69,67,148,325,413,281,312,238,188,178,127,84,40.00859,32.96299,1.27689,1088.00012,30.32258,22.85337,1163.84878,280,1006,220,1019,55.12673,67,413,2430,9.38333,19.91667,10.98333,19.83333,18.4,5.4,23.8,435.08271,35.14493,6.46667,15.11667,152.44164,22331
LB03,purple,121.2803,24.6722,YL,3.3,3.1,2.9,4,3.6,3.8,3.3,3.1,3,3.1,3,3.5,1.02,1.31,1.64,1.97,2.19,2.18,2.06,1.78,1.43,1.17,1,0.95,7.2,11,13.9,15.9,16.9,17.2,16.5,14.4,11.9,8.5,6.5,5.6,14,17.8,20.7,22.7,23.7,24,22.6,20.5,18,14.6,12.6,11.7,10.6,14.4,17.3,19.3,20.3,20.6,19.5,17.4,14.9,11.6,9.6,8.6,1339.24651,10035,11904,14648,17622,19511,20501,18188,17076,15527,13096,11757,10202,40.45011,33.05635,32.39,34.22917,68,69,150,322,411,299,311,240,182,175,124,82,40.24728,25.82549,1.00392,1094.00002,29.70227,22.43611,1181.06809,274,1021,219,1032,55.52154,68,411,2433,9.6,20.15,11.21667,20.06667,18.4,5.6,24,437.05108,35.05435,6.45,15.35,231.42026,22229
LD01,purple,121.2772,24.6656,YL,3.3,3.1,2.8,4.1,3.4,3.1,3.7,3.7,3,3.2,2.9,3.3,1.03,1.33,1.66,1.99,2.21,2.2,2.09,1.8,1.45,1.18,1.01,0.96,7.4,11.2,14,16.1,17.1,17.4,16.6,14.5,12,8.7,6.6,5.7,14.2,18,20.8,22.9,23.9,24.2,22.8,20.7,18.2,14.9,12.8,11.9,10.8,14.6,17.4,19.5,20.5,20.8,19.7,17.6,15.1,11.8,9.7,8.8,1256.10417,10110,11954,14667,17675,19672,20826,18331,17126,15562,13160,11777,10252,39.46861,33.38104,28.2208,29.12104,67,70,154,321,403,302,302,240,177,173,121,79,39.82822,30.90151,1.18562,1105.00004,29.82333,26.2143,1187.42356,267,1007,216,1026,55.33538,67,403,2409,9.76667,20.33333,11.4,20.26667,18.5,5.7,24.2,436.95486,35.13513,6.5,15.525,165.3987,21783
LD02,purple,121.2747,24.6647,YL,3.4,3.1,2.9,4.2,3.6,3.8,3.3,3.1,3.1,3.2,3,3.3,1.01,1.3,1.63,1.96,2.18,2.17,2.06,1.77,1.42,1.16,0.99,0.94,7.1,10.9,13.8,15.9,16.9,17.2,16.5,14.4,11.9,8.5,6.5,5.6,13.9,17.7,20.6,22.7,23.7,24,22.5,20.5,17.9,14.6,12.6,11.6,10.5,14.3,17.2,19.3,20.3,20.6,19.5,17.4,14.9,11.5,9.5,8.6,1290.69516,10065,11906,14674,17649,19532,20524,18183,17076,15535,13125,11763,10232,39.47376,34.31297,35.42935,38.69343,67,67,145,320,410,296,313,241,185,177,125,81,39.39278,27.82417,1.02978,1098.99996,30.88189,21.70342,1178.34602,273,1019,215,1026,55.71305,67,410,2427,9.55,20.13333,11.13333,20.06667,18.4,5.6,24,438.15276,34.91848,6.425,15.3125,206.48911,22074
LJ01,longinux,121.0294,22.8081,LJ,4.4,5.3,4.7,3.5,3.8,3.8,3.4,2.9,3.4,4.9,6.1,4.8,1.41,1.73,2.09,2.39,2.57,2.59,2.5,2.26,1.92,1.64,1.41,1.34,13.1,16.3,18.8,20,20.3,20.6,20.5,19.3,17.4,15.1,12.9,12.2,18.8,22,24.5,25.8,26,26.3,25.7,24.5,22.6,20.3,18,17.4,16,19.2,21.6,22.9,23.1,23.4,23.1,21.9,20,17.7,15.5,14.8,853.00061,10542,12000,14716,17259,18709,19942,18656,18240,16778,14468,12421,10841,39.58582,30.75554,28.64578,29.33931,63,73,222,416,560,557,379,344,116,79,68,52,44.49424,17.37541,1.16023,1299.00017,31.28623,19.73364,1131.99454,183,1496,183,1533,80.63179,52,560,2929,15.4,23.23333,15.4,23.16667,14.1,12.2,26.3,325.13168,38.65248,5.45,19.93333,208.60764,22541
LJ02,longinux,121.0261,22.8119,LJ,4.5,5.4,4.1,3.6,3.9,3.6,3.5,3,3.3,5,6.2,4.9,1.37,1.68,2.03,2.33,2.51,2.53,2.44,2.2,1.87,1.6,1.37,1.3,12.6,15.8,18.2,19.5,19.8,20.1,20.1,18.9,17.1,14.7,12.4,11.7,18.4,21.5,24,25.3,25.6,25.9,25.2,24.1,22.2,19.8,17.6,16.9,15.5,18.7,21.1,22.4,22.7,23,22.7,21.5,19.6,17.2,15,14.3,947.7287,10390,11940,14603,17204,18642,19792,18580,18161,16681,14379,12316,10766,39.79626,29.21777,31.14882,32.80157,64,72,224,418,571,576,384,343,116,78,67,50,44.54548,19.38342,1.22486,1275.00016,30.00468,21.67279,1110.82552,181,1531,181,1565,81.76648,50,576,2963,14.93333,22.78333,14.93333,22.7,14.2,11.7,25.9,325.39837,38.49765,5.46667,19.475,111.1435,23231
LJ03,longinux,121.0256,22.8136,LJ,4.5,5.4,4.1,3.6,3.9,3.6,3.5,3,3.3,5,6.2,4.9,1.37,1.68,2.03,2.33,2.51,2.53,2.44,2.2,1.87,1.6,1.37,1.3,12.6,15.8,18.2,19.5,19.8,20.1,20.1,18.9,17.1,14.7,12.4,11.7,18.4,21.5,24,25.3,25.6,25.9,25.2,24.1,22.2,19.8,17.6,16.9,15.5,18.7,21.1,22.4,22.7,23,22.7,21.5,19.6,17.2,15,14.3,947.7287,10390,11940,14603,17204,18642,19792,18580,18161,16681,14379,12316,10766,39.79626,29.21777,31.14882,32.80157,64,72,224,418,571,576,384,343,116,78,67,50,44.54548,19.38342,1.22486,1275.00016,30.00468,21.67279,1110.82552,181,1531,181,1565,81.76648,50,576,2963,14.93333,22.78333,14.93333,22.7,14.2,11.7,25.9,325.39837,38.49765,5.46667,19.475,111.1435,23231
LJ05,longinux,121.0247,22.8157,LJ,5.4,5.7,3.5,3.1,3.6,3.4,3.4,2.9,3.2,4.7,6,5.2,1.4,1.72,2.08,2.38,2.56,2.58,2.49,2.25,1.91,1.64,1.4,1.33,12.8,16,18.5,19.8,20.1,20.3,20.3,19.1,17.1,14.7,12.6,11.8,18.6,21.8,24.3,25.6,25.9,26.1,25.6,24.4,22.4,19.9,17.8,17,15.7,18.9,21.4,22.7,23,23.2,23,21.7,19.8,17.3,15.2,14.4,869.06249,10342,11904,14581,17162,18604,19830,18674,18237,16752,14412,12356,10781,38.63812,31.02418,29.58164,30.76419,66,73,222,417,570,564,384,348,117,79,68,52,44.06107,18.08614,1.17513,1269.00009,26.69208,23.1367,1120.51649,186,1518,186,1551,80.89477,52,570,2960,15.1,23.05,15.1,22.96667,14.3,11.8,26.1,331.02543,38.63636,5.525,19.6875,221.63756,23308
LJ06,longinux,121.0239,22.8161,LJ,5.4,5.7,3.5,3.1,3.6,3.4,3.4,2.9,3.2,4.7,6,5.2,1.4,1.72,2.08,2.38,2.56,2.58,2.49,2.25,1.91,1.64,1.4,1.33,12.8,16,18.5,19.8,20.1,20.3,20.3,19.1,17.1,14.7,12.6,11.8,18.6,21.8,24.3,25.6,25.9,26.1,25.6,24.4,22.4,19.9,17.8,17,15.7,18.9,21.4,22.7,23,23.2,23,21.7,19.8,17.3,15.2,14.4,869.06249,10342,11904,14581,17162,18604,19830,18674,18237,16752,14412,12356,10781,38.63812,31.02418,29.58164,30.76419,66,73,222,417,570,564,384,348,117,79,68,52,44.06107,18.08614,1.17513,1269.00009,26.69208,23.1367,1120.51649,186,1518,186,1551,80.89477,52,570,2960,15.1,23.05,15.1,22.96667,14.3,11.8,26.1,331.02543,38.63636,5.525,19.6875,221.63756,23308
LJ07,longinux,121.0211,22.8186,LJ,6.4,6,3.6,3.3,3.4,3.5,3.5,3,3.5,4.7,6.2,5.5,1.32,1.62,1.96,2.26,2.44,2.46,2.36,2.13,1.8,1.54,1.32,1.25,11.8,15,17.4,18.8,19.1,19.4,19.5,18.4,16.4,13.9,11.7,10.9,17.7,20.9,23.3,24.7,25,25.2,24.6,23.4,21.5,19,16.8,16,14.7,18,20.4,21.7,22,22.3,22,20.9,19,16.5,14.3,13.5,1080.34052,10146,11779,14453,17041,18358,19623,18533,18066,16592,14182,12170,10624,39.69946,24.60688,33.6843,36.03254,67,72,223,412,566,592,369,328,113,75,66,49,44.01898,25.86032,1.28424,1238.00017,27.40189,22.2706,1149.55606,182,1527,182,1570,82.66948,49,592,2932,14.15,22.13333,14.15,22.03333,14.3,10.9,25.2,331.48656,38.34499,5.48333,18.76667,128.54443,23678
LJ08,longinux,121.0167,22.8197,LJ,6.4,6,3.6,3.3,3.4,3.5,3.5,3,3.5,4.7,6.2,5.5,1.32,1.62,1.96,2.26,2.44,2.46,2.36,2.13,1.8,1.54,1.32,1.25,11.8,15,17.4,18.8,19.1,19.4,19.5,18.4,16.4,13.9,11.7,10.9,17.7,20.9,23.3,24.7,25,25.2,24.6,23.4,21.5,19,16.8,16,14.7,18,20.4,21.7,22,22.3,22,20.9,19,16.5,14.3,13.5,1080.34052,10146,11779,14453,17041,18358,19623,18533,18066,16592,14182,12170,10624,39.69946,24.60688,33.6843,36.03254,67,72,223,412,566,592,369,328,113,75,66,49,44.01898,25.86032,1.28424,1238.00017,27.40189,22.2706,1149.55606,182,1527,182,1570,82.66948,49,592,2932,14.15,22.13333,14.15,22.03333,14.3,10.9,25.2,331.48656,38.34499,5.48333,18.76667,128.54443,23678
LZ01,kuoi,120.8583,22.0542,LZ,3.4,4.1,3.8,3,3.3,3.9,4,3.6,3.3,3.1,3.2,3.7,1.8,2.14,2.54,2.84,3.03,3.06,3,2.73,2.4,2.08,1.81,1.72,18.1,20.5,22.7,23.7,24,24.4,24,23,21.2,19.1,17.2,16.8,22.9,25.3,27.5,28.5,28.9,29.2,28.9,27.9,26.1,24,22.1,21.8,20.5,22.9,25.1,26.1,26.5,26.8,26.4,25.5,23.7,21.5,19.6,19.3,234.75132,11611,12934,15692,17645,18847,19994,19174,19088,17812,16049,13705,12139,34.19075,28.4929,20.34527,20.37314,45,69,198,366,545,479,393,212,69,41,56,55,47.62906,15.65625,0.90282,1471.00001,36.13498,27.0415,1284.02919,156,1417,152,1417,88.48228,41,545,2528,19.81667,26.56667,20.16667,26.56667,12.4,16.8,29.2,280.84964,39.2473,4.86667,23.65833,178.43942,17181
LZ02,kuoi,120.8589,22.0547,LZ,3.6,4.3,3.9,3.1,3.5,4,4.2,3.7,3.4,3.2,3.4,3.7,1.78,2.12,2.51,2.81,3,3.03,2.96,2.7,2.37,2.05,1.78,1.7,17.9,20.3,22.6,23.6,23.8,24.2,23.8,22.9,21.1,19,17.1,16.7,22.6,25,27.3,28.3,28.5,28.9,28.5,27.6,25.8,23.7,21.8,21.4,20.2,22.7,24.9,25.9,26.2,26.5,26.2,25.2,23.4,21.3,19.4,19.1,258.32118,11504,12861,15676,17610,18766,19938,19104,19039,17767,15989,13624,12058,34.61102,28.24534,19.31115,19.52068,50,72,205,384,572,511,404,223,72,44,61,59,47.6112,22.07768,0.93858,1458.00001,37.04532,26.57652,1277.74433,170,1487,164,1487,88.3163,44,572,2657,19.58333,26.28333,19.95,26.28333,12.2,16.7,28.9,280.546,38.52459,4.7,23.43333,185.55006,18219
LZ03,kuoi,120.8592,22.0553,LZ,3.6,4.3,3.9,3.1,3.5,4,4.2,3.7,3.4,3.2,3.4,3.7,1.78,2.12,2.51,2.81,3,3.03,2.96,2.7,2.37,2.05,1.78,1.7,17.9,20.3,22.6,23.6,23.8,24.2,23.8,22.9,21.1,19,17.1,16.7,22.6,25,27.3,28.3,28.5,28.9,28.5,27.6,25.8,23.7,21.8,21.4,20.2,22.7,24.9,25.9,26.2,26.5,26.2,25.2,23.4,21.3,19.4,19.1,258.32118,11504,12861,15676,17610,18766,19938,19104,19039,17767,15989,13624,12058,34.61102,28.24534,19.31115,19.52068,50,72,205,384,572,511,404,223,72,44,61,59,47.6112,22.07768,0.93858,1458.00001,37.04532,26.57652,1277.74433,170,1487,164,1487,88.3163,44,572,2657,19.58333,26.28333,19.95,26.28333,12.2,16.7,28.9,280.546,38.52459,4.7,23.43333,185.55006,18219
LZ05,kuoi,120.8592,22.0555,LZ,3.6,4.3,3.9,3.1,3.5,4,4.2,3.7,3.4,3.2,3.4,3.7,1.78,2.12,2.51,2.81,3,3.03,2.96,2.7,2.37,2.05,1.78,1.7,17.9,20.3,22.6,23.6,23.8,24.2,23.8,22.9,21.1,19,17.1,16.7,22.6,25,27.3,28.3,28.5,28.9,28.5,27.6,25.8,23.7,21.8,21.4,20.2,22.7,24.9,25.9,26.2,26.5,26.2,25.2,23.4,21.3,19.4,19.1,258.32118,11504,12861,15676,17610,18766,19938,19104,19039,17767,15989,13624,12058,34.61102,28.24534,19.31115,19.52068,50,72,205,384,572,511,404,223,72,44,61,59,47.6112,22.07768,0.93858,1458.00001,37.04532,26.57652,1277.74433,170,1487,164,1487,88.3163,44,572,2657,19.58333,26.28333,19.95,26.28333,12.2,16.7,28.9,280.546,38.52459,4.7,23.43333,185.55006,18219
LZ07,kuoi,120.8597,22.0569,LZ,3.6,4.3,3.9,3.1,3.5,4,4.2,3.7,3.4,3.2,3.4,3.7,1.78,2.12,2.51,2.81,3,3.03,2.96,2.7,2.37,2.05,1.78,1.7,17.9,20.3,22.6,23.6,23.8,24.2,23.8,22.9,21.1,19,17.1,16.7,22.6,25,27.3,28.3,28.5,28.9,28.5,27.6,25.8,23.7,21.8,21.4,20.2,22.7,24.9,25.9,26.2,26.5,26.2,25.2,23.4,21.3,19.4,19.1,258.32118,11504,12861,15676,17610,18766,19938,19104,19039,17767,15989,13624,12058,34.61102,28.24534,19.31115,19.52068,50,72,205,384,572,511,404,223,72,44,61,59,47.6112,22.07768,0.93858,1458.00001,37.04532,26.57652,1277.74433,170,1487,164,1487,88.3163,44,572,2657,19.58333,26.28333,19.95,26.28333,12.2,16.7,28.9,280.546,38.52459,4.7,23.43333,185.55006,18219
LZ08,kuoi,120.8594,22.0575,LZ,3.6,4.3,3.9,3.1,3.5,4,4.2,3.7,3.4,3.2,3.4,3.7,1.78,2.12,2.51,2.81,3,3.03,2.96,2.7,2.37,2.05,1.78,1.7,17.9,20.3,22.6,23.6,23.8,24.2,23.8,22.9,21.1,19,17.1,16.7,22.6,25,27.3,28.3,28.5,28.9,28.5,27.6,25.8,23.7,21.8,21.4,20.2,22.7,24.9,25.9,26.2,26.5,26.2,25.2,23.4,21.3,19.4,19.1,258.32118,11504,12861,15676,17610,18766,19938,19104,19039,17767,15989,13624,12058,34.61102,28.24534,19.31115,19.52068,50,72,205,384,572,511,404,223,72,44,61,59,47.6112,22.07768,0.93858,1458.00001,37.04532,26.57652,1277.74433,170,1487,164,1487,88.3163,44,572,2657,19.58333,26.28333,19.95,26.28333,12.2,16.7,28.9,280.546,38.52459,4.7,23.43333,185.55006,18219
LZ09,kuoi,120.8597,22.0575,LZ,3.6,4.3,3.9,3.1,3.5,4,4.2,3.7,3.4,3.2,3.4,3.7,1.78,2.12,2.51,2.81,3,3.03,2.96,2.7,2.37,2.05,1.78,1.7,17.9,20.3,22.6,23.6,23.8,24.2,23.8,22.9,21.1,19,17.1,16.7,22.6,25,27.3,28.3,28.5,28.9,28.5,27.6,25.8,23.7,21.8,21.4,20.2,22.7,24.9,25.9,26.2,26.5,26.2,25.2,23.4,21.3,19.4,19.1,258.32118,11504,12861,15676,17610,18766,19938,19104,19039,17767,15989,13624,12058,34.61102,28.24534,19.31115,19.52068,50,72,205,384,572,511,404,223,72,44,61,59,47.6112,22.07768,0.93858,1458.00001,37.04532,26.57652,1277.74433,170,1487,164,1487,88.3163,44,572,2657,19.58333,26.28333,19.95,26.28333,12.2,16.7,28.9,280.546,38.52459,4.7,23.43333,185.55006,18219
LZ10,kuoi,120.86,22.0578,LZ,3.6,4.3,3.9,3.1,3.5,4,4.2,3.7,3.4,3.2,3.4,3.7,1.78,2.12,2.51,2.81,3,3.03,2.96,2.7,2.37,2.05,1.78,1.7,17.9,20.3,22.6,23.6,23.8,24.2,23.8,22.9,21.1,19,17.1,16.7,22.6,25,27.3,28.3,28.5,28.9,28.5,27.6,25.8,23.7,21.8,21.4,20.2,22.7,24.9,25.9,26.2,26.5,26.2,25.2,23.4,21.3,19.4,19.1,258.32118,11504,12861,15676,17610,18766,19938,19104,19039,17767,15989,13624,12058,34.61102,28.24534,19.31115,19.52068,50,72,205,384,572,511,404,223,72,44,61,59,47.6112,22.07768,0.93858,1458.00001,37.04532,26.57652,1277.74433,170,1487,164,1487,88.3163,44,572,2657,19.58333,26.28333,19.95,26.28333,12.2,16.7,28.9,280.546,38.52459,4.7,23.43333,185.55006,18219
NS01,purple,121.3669,24.4161,NS,3.6,5,4.5,3.2,3.5,3.6,3.7,3.4,3.1,3.4,4.2,3.9,1.03,1.31,1.63,1.94,2.14,2.14,2.04,1.77,1.43,1.19,1.01,0.96,4.1,7.5,10.7,13.1,14.2,14.2,14.3,12.5,9.9,6.4,3.8,3.4,13.5,16.9,20,22.4,23.5,23.5,22.5,20.8,18.1,14.6,12,11.6,8.8,12.2,15.4,17.7,18.9,18.8,18.4,16.7,14,10.5,7.9,7.5,1414.26554,9619,11316,14172,17397,19560,20831,18417,17188,15643,13127,11490,9880,38.17979,37.03717,28.23536,29.623,95,98,189,319,331,302,276,251,189,187,135,104,40.67491,48.50015,1.68736,942.99988,27.41847,20.98188,1242.17406,334,909,297,952,42.37358,95,331,2476,8.06667,18.7,9.5,18.48333,20.1,3.4,23.5,438.14929,43.65672,8.775,13.89583,178.99366,26244
NS02,purple,121.3656,24.4142,NS,3.8,5.4,4.8,3.2,3.6,3.3,3.9,3.2,3.2,3.3,4.1,3.7,1,1.28,1.59,1.9,2.09,2.09,1.99,1.73,1.4,1.16,0.99,0.93,3.9,7.2,10.4,12.7,13.8,13.8,13.9,12.2,9.6,6.1,3.6,3.2,13.2,16.6,19.7,22.1,23.2,23.2,22.1,20.4,17.8,14.3,11.7,11.3,8.5,11.9,15,17.4,18.5,18.5,18,16.3,13.7,10.2,7.6,7.3,1523.66235,9511,11199,14064,17356,19401,20654,18321,17147,15588,13058,11407,9795,38.39243,36.5786,31.86377,33.68289,93,93,175,314,344,304,292,261,200,197,138,106,40.08455,48.64086,2.01055,935.99994,27.29941,21.72527,1229.16612,337,940,292,962,43.34784,93,344,2517,7.81667,18.33333,9.23333,18.13333,20,3.2,23.2,433.691,43.83333,8.76667,13.58333,147.03467,26872
NS03,purple,121.3658,24.4139,NS,3.8,5.4,4.8,3.2,3.6,3.3,3.9,3.2,3.2,3.3,4.1,3.7,1,1.28,1.59,1.9,2.09,2.09,1.99,1.73,1.4,1.16,0.99,0.93,3.9,7.2,10.4,12.7,13.8,13.8,13.9,12.2,9.6,6.1,3.6,3.2,13.2,16.6,19.7,22.1,23.2,23.2,22.1,20.4,17.8,14.3,11.7,11.3,8.5,11.9,15,17.4,18.5,18.5,18,16.3,13.7,10.2,7.6,7.3,1523.66235,9511,11199,14064,17356,19401,20654,18321,17147,15588,13058,11407,9795,38.39243,36.5786,31.86377,33.68289,93,93,175,314,344,304,292,261,200,197,138,106,40.08455,48.64086,2.01055,935.99994,27.29941,21.72527,1229.16612,337,940,292,962,43.34784,93,344,2517,7.81667,18.33333,9.23333,18.13333,20,3.2,23.2,433.691,43.83333,8.76667,13.58333,147.03467,26872
NS04,purple,121.3633,24.4128,NS,3.8,5.4,4.8,3.2,3.6,3.3,3.9,3.2,3.2,3.3,4.1,3.7,1,1.28,1.59,1.9,2.09,2.09,1.99,1.73,1.4,1.16,0.99,0.93,3.9,7.2,10.4,12.7,13.8,13.8,13.9,12.2,9.6,6.1,3.6,3.2,13.2,16.6,19.7,22.1,23.2,23.2,22.1,20.4,17.8,14.3,11.7,11.3,8.5,11.9,15,17.4,18.5,18.5,18,16.3,13.7,10.2,7.6,7.3,1523.66235,9511,11199,14064,17356,19401,20654,18321,17147,15588,13058,11407,9795,38.39243,36.5786,31.86377,33.68289,93,93,175,314,344,304,292,261,200,197,138,106,40.08455,48.64086,2.01055,935.99994,27.29941,21.72527,1229.16612,337,940,292,962,43.34784,93,344,2517,7.81667,18.33333,9.23333,18.13333,20,3.2,23.2,433.691,43.83333,8.76667,13.58333,147.03467,26872
NS05,purple,121.3611,24.4122,NS,3.8,5.4,4.8,3.2,3.6,3.3,3.9,3.2,3.2,3.3,4.1,3.7,1,1.28,1.59,1.9,2.09,2.09,1.99,1.73,1.4,1.16,0.99,0.93,3.9,7.2,10.4,12.7,13.8,13.8,13.9,12.2,9.6,6.1,3.6,3.2,13.2,16.6,19.7,22.1,23.2,23.2,22.1,20.4,17.8,14.3,11.7,11.3,8.5,11.9,15,17.4,18.5,18.5,18,16.3,13.7,10.2,7.6,7.3,1523.66235,9511,11199,14064,17356,19401,20654,18321,17147,15588,13058,11407,9795,38.39243,36.5786,31.86377,33.68289,93,93,175,314,344,304,292,261,200,197,138,106,40.08455,48.64086,2.01055,935.99994,27.29941,21.72527,1229.16612,337,940,292,962,43.34784,93,344,2517,7.81667,18.33333,9.23333,18.13333,20,3.2,23.2,433.691,43.83333,8.76667,13.58333,147.03467,26872
NS06,purple,121.3589,24.4086,NS,3.8,5.4,4.8,3.2,3.6,3.3,3.9,3.2,3.2,3.3,4.1,3.7,1,1.28,1.59,1.9,2.09,2.09,1.99,1.73,1.4,1.16,0.99,0.93,3.9,7.2,10.4,12.7,13.8,13.8,13.9,12.2,9.6,6.1,3.6,3.2,13.2,16.6,19.7,22.1,23.2,23.2,22.1,20.4,17.8,14.3,11.7,11.3,8.5,11.9,15,17.4,18.5,18.5,18,16.3,13.7,10.2,7.6,7.3,1523.66235,9511,11199,14064,17356,19401,20654,18321,17147,15588,13058,11407,9795,38.39243,36.5786,31.86377,33.68289,93,93,175,314,344,304,292,261,200,197,138,106,40.08455,48.64086,2.01055,935.99994,27.29941,21.72527,1229.16612,337,940,292,962,43.34784,93,344,2517,7.81667,18.33333,9.23333,18.13333,20,3.2,23.2,433.691,43.83333,8.76667,13.58333,147.03467,26872
NS07,purple,121.3597,24.4058,NS,3.9,5.3,4.8,3.5,3.7,3.6,4,3.9,3.3,3.6,4.6,4.2,0.96,1.23,1.54,1.83,2.02,2.02,1.92,1.67,1.35,1.11,0.95,0.9,3.1,6.5,9.7,12.1,13.1,13.1,13.2,11.6,8.9,5.4,2.8,2.5,12.6,16,19.2,21.6,22.6,22.6,21.5,19.9,17.2,13.7,11.1,10.7,7.8,11.3,14.5,16.8,17.8,17.8,17.4,15.7,13.1,9.5,7,6.6,1625.97209,9515,11242,14092,17387,19415,20620,18268,17110,15562,13064,11450,9794,37.18136,35.69691,30.88264,32.30169,90,87,160,308,353,313,311,279,219,217,143,107,39.91112,48.2993,2.19949,908.99986,26.98484,25.54751,1220.85216,340,977,284,977,44.57129,87,353,2587,7.13333,17.68333,8.56667,17.68333,20.1,2.5,22.6,436.38213,44.23715,8.89167,12.94583,167.72635,28431
NS08,purple,121.3628,24.4053,NS,3.9,5.3,4.8,3.5,3.7,3.6,4,3.9,3.3,3.6,4.6,4.2,0.96,1.23,1.54,1.83,2.02,2.02,1.92,1.67,1.35,1.11,0.95,0.9,3.1,6.5,9.7,12.1,13.1,13.1,13.2,11.6,8.9,5.4,2.8,2.5,12.6,16,19.2,21.6,22.6,22.6,21.5,19.9,17.2,13.7,11.1,10.7,7.8,11.3,14.5,16.8,17.8,17.8,17.4,15.7,13.1,9.5,7,6.6,1625.97209,9515,11242,14092,17387,19415,20620,18268,17110,15562,13064,11450,9794,37.18136,35.69691,30.88264,32.30169,90,87,160,308,353,313,311,279,219,217,143,107,39.91112,48.2993,2.19949,908.99986,26.98484,25.54751,1220.85216,340,977,284,977,44.57129,87,353,2587,7.13333,17.68333,8.56667,17.68333,20.1,2.5,22.6,436.38213,44.23715,8.89167,12.94583,167.72635,28431
NS09,purple,121.3669,24.4064,NS,4.1,5.3,4.9,3.8,3.7,3.7,3.8,3.7,3.5,3.7,4.7,4.7,0.94,1.2,1.51,1.8,1.99,1.98,1.89,1.64,1.32,1.09,0.93,0.88,2.7,6.1,9.4,11.8,12.8,12.7,12.9,11.3,8.7,5.1,2.5,2.1,12.3,15.7,18.9,21.3,22.3,22.3,21.1,19.6,16.9,13.3,10.7,10.3,7.5,10.9,14.2,16.5,17.5,17.5,17,15.4,12.8,9.2,6.6,6.2,1637.59315,9563,11242,14063,17383,19301,20602,18296,17068,15548,13037,11447,9811,36.73117,35.61759,31.69481,33.03474,88,86,158,307,360,320,318,291,230,229,146,108,39.44158,52.67263,2.15047,897.99992,27.5441,23.43488,1228.51152,342,998,282,998,45.07506,86,360,2641,6.76667,17.35,8.2,17.35,20.2,2.1,22.3,438.44421,43.9769,8.88333,12.61667,183.22002,29401
SK01,kuoi,120.8347,22.2427,SK,4,4.1,3.9,3.3,3.4,4.1,4.2,3.6,3.7,3.6,3.7,3.7,1.67,2,2.39,2.69,2.88,2.91,2.83,2.57,2.24,1.94,1.67,1.59,16.6,19.3,21.7,22.7,23.1,23.4,23.1,22.2,20.3,17.9,15.8,15.3,21.6,24.3,26.6,27.7,28,28.4,28.1,27.2,25.3,23,20.8,20.3,19.1,21.8,24.2,25.2,25.5,25.9,25.6,24.7,22.8,20.5,18.3,17.8,438.01103,11283,12877,15446,17569,18880,20076,19075,18864,17543,15656,13370,11888,35.84371,30.25118,20.71112,21.06021,49,62,212,440,693,660,434,269,80,49,63,54,41.07052,8.9227,1.0084,1439.00004,32.61722,20.94205,1302.19333,166,1787,165,1793,95.10624,49,693,3065,18.4,25.68333,19.56667,25.55,13.1,15.3,28.4,303.3834,38.10433,4.99167,22.6125,169.28574,21288
SK03,kuoi,120.8347,22.2425,SK,4,4.1,3.9,3.3,3.4,4.1,4.2,3.6,3.7,3.6,3.7,3.7,1.67,2,2.39,2.69,2.88,2.91,2.83,2.57,2.24,1.94,1.67,1.59,16.6,19.3,21.7,22.7,23.1,23.4,23.1,22.2,20.3,17.9,15.8,15.3,21.6,24.3,26.6,27.7,28,28.4,28.1,27.2,25.3,23,20.8,20.3,19.1,21.8,24.2,25.2,25.5,25.9,25.6,24.7,22.8,20.5,18.3,17.8,438.01103,11283,12877,15446,17569,18880,20076,19075,18864,17543,15656,13370,11888,35.84371,30.25118,20.71112,21.06021,49,62,212,440,693,660,434,269,80,49,63,54,41.07052,8.9227,1.0084,1439.00004,32.61722,20.94205,1302.19333,166,1787,165,1793,95.10624,49,693,3065,18.4,25.68333,19.56667,25.55,13.1,15.3,28.4,303.3834,38.10433,4.99167,22.6125,169.28574,21288
SK04,kuoi,120.8344,22.2428,SK,4,4.1,3.9,3.3,3.4,4.1,4.2,3.6,3.7,3.6,3.7,3.7,1.67,2,2.39,2.69,2.88,2.91,2.83,2.57,2.24,1.94,1.67,1.59,16.6,19.3,21.7,22.7,23.1,23.4,23.1,22.2,20.3,17.9,15.8,15.3,21.6,24.3,26.6,27.7,28,28.4,28.1,27.2,25.3,23,20.8,20.3,19.1,21.8,24.2,25.2,25.5,25.9,25.6,24.7,22.8,20.5,18.3,17.8,438.01103,11283,12877,15446,17569,18880,20076,19075,18864,17543,15656,13370,11888,35.84371,30.25118,20.71112,21.06021,49,62,212,440,693,660,434,269,80,49,63,54,41.07052,8.9227,1.0084,1439.00004,32.61722,20.94205,1302.19333,166,1787,165,1793,95.10624,49,693,3065,18.4,25.68333,19.56667,25.55,13.1,15.3,28.4,303.3834,38.10433,4.99167,22.6125,169.28574,21288
SK05,kuoi,120.8344,22.2429,SK,4,4.1,3.9,3.3,3.4,4.1,4.2,3.6,3.7,3.6,3.7,3.7,1.67,2,2.39,2.69,2.88,2.91,2.83,2.57,2.24,1.94,1.67,1.59,16.6,19.3,21.7,22.7,23.1,23.4,23.1,22.2,20.3,17.9,15.8,15.3,21.6,24.3,26.6,27.7,28,28.4,28.1,27.2,25.3,23,20.8,20.3,19.1,21.8,24.2,25.2,25.5,25.9,25.6,24.7,22.8,20.5,18.3,17.8,438.01103,11283,12877,15446,17569,18880,20076,19075,18864,17543,15656,13370,11888,35.84371,30.25118,20.71112,21.06021,49,62,212,440,693,660,434,269,80,49,63,54,41.07052,8.9227,1.0084,1439.00004,32.61722,20.94205,1302.19333,166,1787,165,1793,95.10624,49,693,3065,18.4,25.68333,19.56667,25.55,13.1,15.3,28.4,303.3834,38.10433,4.99167,22.6125,169.28574,21288
SK06,kuoi,120.8336,22.2425,SK,4,4.1,3.9,3.3,3.4,4.1,4.2,3.6,3.7,3.6,3.7,3.7,1.67,2,2.39,2.69,2.88,2.91,2.83,2.57,2.24,1.94,1.67,1.59,16.6,19.3,21.7,22.7,23.1,23.4,23.1,22.2,20.3,17.9,15.8,15.3,21.6,24.3,26.6,27.7,28,28.4,28.1,27.2,25.3,23,20.8,20.3,19.1,21.8,24.2,25.2,25.5,25.9,25.6,24.7,22.8,20.5,18.3,17.8,438.01103,11283,12877,15446,17569,18880,20076,19075,18864,17543,15656,13370,11888,35.84371,30.25118,20.71112,21.06021,49,62,212,440,693,660,434,269,80,49,63,54,41.07052,8.9227,1.0084,1439.00004,32.61722,20.94205,1302.19333,166,1787,165,1793,95.10624,49,693,3065,18.4,25.68333,19.56667,25.55,13.1,15.3,28.4,303.3834,38.10433,4.99167,22.6125,169.28574,21288
SK07,kuoi,120.8333,22.2425,SK,3.7,4,3.9,3.6,3.2,4.2,4,3.6,3.8,3.5,3.5,3.8,1.66,2,2.39,2.69,2.88,2.91,2.83,2.57,2.24,1.94,1.67,1.59,16.6,19.3,21.7,22.7,23,23.3,23,22.1,20.2,17.9,15.7,15.2,21.5,24.2,26.6,27.6,27.9,28.2,28.1,27.1,25.3,22.9,20.8,20.3,19,21.8,24.1,25.1,25.5,25.8,25.5,24.6,22.7,20.4,18.2,17.7,431.30608,11349,12917,15534,17446,18849,20045,19104,18869,17542,15666,13443,11955,36.61262,30.17124,22.90714,23.56308,47,61,209,442,701,667,437,270,79,48,62,52,41.16852,8.81737,1.02247,1430,32.07325,18.40015,1287.1398,161,1805,160,1810,96.09844,47,701,3075,18.35,25.58333,19.51667,25.45,13,15.2,28.2,301.89555,38.33333,4.98333,22.55,185.55669,21497
SK08,kuoi,120.8331,22.2422,SK,3.7,4,3.9,3.6,3.2,4.2,4,3.6,3.8,3.5,3.5,3.8,1.66,2,2.39,2.69,2.88,2.91,2.83,2.57,2.24,1.94,1.67,1.59,16.6,19.3,21.7,22.7,23,23.3,23,22.1,20.2,17.9,15.7,15.2,21.5,24.2,26.6,27.6,27.9,28.2,28.1,27.1,25.3,22.9,20.8,20.3,19,21.8,24.1,25.1,25.5,25.8,25.5,24.6,22.7,20.4,18.2,17.7,431.30608,11349,12917,15534,17446,18849,20045,19104,18869,17542,15666,13443,11955,36.61262,30.17124,22.90714,23.56308,47,61,209,442,701,667,437,270,79,48,62,52,41.16852,8.81737,1.02247,1430,32.07325,18.40015,1287.1398,161,1805,160,1810,96.09844,47,701,3075,18.35,25.58333,19.51667,25.45,13,15.2,28.2,301.89555,38.33333,4.98333,22.55,185.55669,21497
SLS01,longinux,120.7881,23.6369,SLS,3.2,3.1,2.8,3.2,3.2,3.2,3.2,3.2,3.1,3.4,3.4,3.4,0.97,1.22,1.53,1.76,1.92,1.9,1.86,1.67,1.38,1.15,0.99,0.91,6.4,9.6,12,13.5,14.2,14.4,14,12.5,10.5,7.8,5.7,4.8,14.1,17.3,19.8,21.2,22,22.2,21.6,20,18,15.4,13.3,12.4,10.2,13.4,15.9,17.3,18.1,18.3,17.8,16.2,14.3,11.6,9.5,8.6,1690.23566,10728,12478,14922,17449,18534,19664,18139,17420,15992,14158,12702,11057,38.20332,30.38744,30.98796,34.20183,33,34,85,240,397,440,330,300,160,127,75,35,39.30522,23.30443,2.29114,1098.99993,27.06311,23.38081,1225.16521,143,1167,102,1167,78.41827,33,440,2256,9.45,18.06667,10.76667,18.06667,17.4,4.8,22.2,354.57695,44.01341,7.65833,14.27917,198.67432,20523
SLS02,longinux,120.7875,23.6369,SLS,3.2,3.1,2.8,3.2,3.2,3.2,3.2,3.2,3.1,3.4,3.4,3.4,0.97,1.22,1.53,1.76,1.92,1.9,1.86,1.67,1.38,1.15,0.99,0.91,6.4,9.6,12,13.5,14.2,14.4,14,12.5,10.5,7.8,5.7,4.8,14.1,17.3,19.8,21.2,22,22.2,21.6,20,18,15.4,13.3,12.4,10.2,13.4,15.9,17.3,18.1,18.3,17.8,16.2,14.3,11.6,9.5,8.6,1690.23566,10728,12478,14922,17449,18534,19664,18139,17420,15992,14158,12702,11057,38.20332,30.38744,30.98796,34.20183,33,34,85,240,397,440,330,300,160,127,75,35,39.30522,23.30443,2.29114,1098.99993,27.06311,23.38081,1225.16521,143,1167,102,1167,78.41827,33,440,2256,9.45,18.06667,10.76667,18.06667,17.4,4.8,22.2,354.57695,44.01341,7.65833,14.27917,198.67432,20523
SLS03,longinux,120.7975,23.6272,SLS,3.3,3.3,2.7,4,3.4,3.4,3.2,2.8,3.3,3.5,3.5,3.5,0.95,1.2,1.5,1.73,1.88,1.86,1.82,1.63,1.36,1.13,0.97,0.89,6,9.1,11.5,12.9,13.7,13.8,13.4,11.9,10,7.4,5.2,4.4,13.9,17,19.5,20.8,21.6,21.8,21.3,19.8,17.9,15.3,13.1,12.3,9.9,13,15.5,16.9,17.7,17.8,17.4,15.9,13.9,11.3,9.1,8.3,1759.21912,10689,12505,15046,17569,18726,19863,18162,17409,15986,14140,12688,11042,37.38309,31.40848,29.61201,32.47807,35,36,91,249,397,451,327,300,162,131,77,38,40.00847,21.28058,2.35957,1085.99994,31.92709,21.984,1257.73977,150,1175,109,1175,77.34178,35,451,2294,9.15,17.6,10.45,17.6,17.4,4.4,21.8,346.98046,45.49809,7.91667,13.9,180.16308,21119
SLS04,longinux,120.7978,23.6272,SLS,3.3,3.3,2.7,4,3.4,3.4,3.2,2.8,3.3,3.5,3.5,3.5,0.95,1.2,1.5,1.73,1.88,1.86,1.82,1.63,1.36,1.13,0.97,0.89,6,9.1,11.5,12.9,13.7,13.8,13.4,11.9,10,7.4,5.2,4.4,13.9,17,19.5,20.8,21.6,21.8,21.3,19.8,17.9,15.3,13.1,12.3,9.9,13,15.5,16.9,17.7,17.8,17.4,15.9,13.9,11.3,9.1,8.3,1759.21912,10689,12505,15046,17569,18726,19863,18162,17409,15986,14140,12688,11042,37.38309,31.40848,29.61201,32.47807,35,36,91,249,397,451,327,300,162,131,77,38,40.00847,21.28058,2.35957,1085.99994,31.92709,21.984,1257.73977,150,1175,109,1175,77.34178,35,451,2294,9.15,17.6,10.45,17.6,17.4,4.4,21.8,346.98046,45.49809,7.91667,13.9,180.16308,21119
SLS05,longinux,120.7978,23.6273,SLS,3.3,3.3,2.7,4,3.4,3.4,3.2,2.8,3.3,3.5,3.5,3.5,0.95,1.2,1.5,1.73,1.88,1.86,1.82,1.63,1.36,1.13,0.97,0.89,6,9.1,11.5,12.9,13.7,13.8,13.4,11.9,10,7.4,5.2,4.4,13.9,17,19.5,20.8,21.6,21.8,21.3,19.8,17.9,15.3,13.1,12.3,9.9,13,15.5,16.9,17.7,17.8,17.4,15.9,13.9,11.3,9.1,8.3,1759.21912,10689,12505,15046,17569,18726,19863,18162,17409,15986,14140,12688,11042,37.38309,31.40848,29.61201,32.47807,35,36,91,249,397,451,327,300,162,131,77,38,40.00847,21.28058,2.35957,1085.99994,31.92709,21.984,1257.73977,150,1175,109,1175,77.34178,35,451,2294,9.15,17.6,10.45,17.6,17.4,4.4,21.8,346.98046,45.49809,7.91667,13.9,180.16308,21119
SLS06,longinux,120.7978,23.6274,SLS,3.3,3.3,2.7,4,3.4,3.4,3.2,2.8,3.3,3.5,3.5,3.5,0.95,1.2,1.5,1.73,1.88,1.86,1.82,1.63,1.36,1.13,0.97,0.89,6,9.1,11.5,12.9,13.7,13.8,13.4,11.9,10,7.4,5.2,4.4,13.9,17,19.5,20.8,21.6,21.8,21.3,19.8,17.9,15.3,13.1,12.3,9.9,13,15.5,16.9,17.7,17.8,17.4,15.9,13.9,11.3,9.1,8.3,1759.21912,10689,12505,15046,17569,18726,19863,18162,17409,15986,14140,12688,11042,37.38309,31.40848,29.61201,32.47807,35,36,91,249,397,451,327,300,162,131,77,38,40.00847,21.28058,2.35957,1085.99994,31.92709,21.984,1257.73977,150,1175,109,1175,77.34178,35,451,2294,9.15,17.6,10.45,17.6,17.4,4.4,21.8,346.98046,45.49809,7.91667,13.9,180.16308,21119
SMH02,purple,121.7397,24.4003,SMH,5,5.9,4.7,3.8,4.3,4.6,4,3.5,4.6,4.9,5.6,4.3,1.32,1.65,2.01,2.39,2.63,2.65,2.5,2.18,1.78,1.48,1.27,1.22,11.3,15.2,18.1,20,20.8,21,19.8,17.7,15.1,11.9,10.4,9.5,16.2,20.2,23.1,24.9,25.8,25.9,24.7,22.6,20.1,16.8,15.4,14.4,13.8,17.7,20.6,22.5,23.3,23.5,22.3,20.1,17.6,14.4,12.9,11.9,729.7304,9354,10995,14021,17493,19815,20936,18422,17303,15703,12849,10895,9748,39.45124,32.32775,31.62574,34.57852,112,183,428,446,295,297,211,271,130,108,89,77,44.11403,45.17359,1.32665,1101.99998,34.1152,21.04966,1206.29002,278,1038,274,1169,57.70754,77,446,2647,12.86667,23.06667,13.06667,22.11667,16.4,9.5,25.9,426.01461,30.13212,4.94167,18.37083,212.52611,24016
SMH04,purple,121.7447,24.3933,SMH,5.3,6.8,4.7,4,4.6,4.1,4.4,3.9,4.8,5.3,6.6,5.2,1.21,1.53,1.87,2.25,2.48,2.5,2.35,2.04,1.64,1.37,1.17,1.12,10.3,14.2,17.1,19,19.7,19.8,18.9,17,14.6,11.3,9.8,8.9,15.2,19.1,22,23.9,24.6,24.7,23.3,21.4,18.9,15.7,14.1,13.3,12.8,16.6,19.5,21.4,22.1,22.3,21.1,19.2,16.8,13.5,11.9,11.1,985.07193,9208,10850,13894,17462,19652,20884,18321,17212,15603,12790,10802,9563,42.17226,32.68545,25.26954,25.7112,138,187,386,428,308,302,233,260,147,139,118,113,43.3481,35.72198,1.51564,1086.00003,29.37064,26.82946,1156.94974,369,1038,369,1122,46.61108,113,428,2759,11.93333,21.95,11.93333,21.05,15.8,8.9,24.7,416.95505,29.32489,4.63333,17.36667,193.50709,25404
SMH05,purple,121.7453,24.3925,SMH,5.3,6.8,4.7,4,4.6,4.1,4.4,3.9,4.8,5.3,6.6,5.2,1.21,1.53,1.87,2.25,2.48,2.5,2.35,2.04,1.64,1.37,1.17,1.12,10.3,14.2,17.1,19,19.7,19.8,18.9,17,14.6,11.3,9.8,8.9,15.2,19.1,22,23.9,24.6,24.7,23.3,21.4,18.9,15.7,14.1,13.3,12.8,16.6,19.5,21.4,22.1,22.3,21.1,19.2,16.8,13.5,11.9,11.1,985.07193,9208,10850,13894,17462,19652,20884,18321,17212,15603,12790,10802,9563,42.17226,32.68545,25.26954,25.7112,138,187,386,428,308,302,233,260,147,139,118,113,43.3481,35.72198,1.51564,1086.00003,29.37064,26.82946,1156.94974,369,1038,369,1122,46.61108,113,428,2759,11.93333,21.95,11.93333,21.05,15.8,8.9,24.7,416.95505,29.32489,4.63333,17.36667,193.50709,25404
SMH07,purple,121.7461,24.3922,SMH,5.3,6.8,4.7,4,4.6,4.1,4.4,3.9,4.8,5.3,6.6,5.2,1.21,1.53,1.87,2.25,2.48,2.5,2.35,2.04,1.64,1.37,1.17,1.12,10.3,14.2,17.1,19,19.7,19.8,18.9,17,14.6,11.3,9.8,8.9,15.2,19.1,22,23.9,24.6,24.7,23.3,21.4,18.9,15.7,14.1,13.3,12.8,16.6,19.5,21.4,22.1,22.3,21.1,19.2,16.8,13.5,11.9,11.1,985.07193,9208,10850,13894,17462,19652,20884,18321,17212,15603,12790,10802,9563,42.17226,32.68545,25.26954,25.7112,138,187,386,428,308,302,233,260,147,139,118,113,43.3481,35.72198,1.51564,1086.00003,29.37064,26.82946,1156.94974,369,1038,369,1122,46.61108,113,428,2759,11.93333,21.95,11.93333,21.05,15.8,8.9,24.7,416.95505,29.32489,4.63333,17.36667,193.50709,25404
SMH08,purple,121.7461,24.3908,SMH,5.8,7.3,4.2,4.1,4.5,4.2,4.4,4.1,4.6,5.7,6.7,5.2,1.19,1.51,1.85,2.23,2.46,2.48,2.32,2.01,1.62,1.35,1.16,1.11,10.2,14,17,18.8,19.5,19.7,18.8,16.9,14.5,11.3,9.7,8.9,15.1,18.9,21.8,23.7,24.4,24.5,23,21.1,18.8,15.5,13.9,13.1,12.6,16.4,19.4,21.3,22,22.1,20.9,19,16.6,13.4,11.8,11,1099.09759,9118,10750,13827,17408,19647,20838,18296,17203,15575,12763,10795,9497,40.88988,33.8782,24.31632,24.78353,143,186,377,423,307,302,236,258,151,144,122,120,43.74945,42.96604,1.72514,1082.00004,29.2934,29.49358,1170.58988,385,1032,385,1107,44.6328,120,423,2769,11.81667,21.76667,11.81667,20.86667,15.6,8.9,24.5,413.79686,29.11325,4.54167,17.2125,191.88246,25577
SMH09,purple,121.7464,24.3908,SMH,5.8,7.3,4.2,4.1,4.5,4.2,4.4,4.1,4.6,5.7,6.7,5.2,1.19,1.51,1.85,2.23,2.46,2.48,2.32,2.01,1.62,1.35,1.16,1.11,10.2,14,17,18.8,19.5,19.7,18.8,16.9,14.5,11.3,9.7,8.9,15.1,18.9,21.8,23.7,24.4,24.5,23,21.1,18.8,15.5,13.9,13.1,12.6,16.4,19.4,21.3,22,22.1,20.9,19,16.6,13.4,11.8,11,1099.09759,9118,10750,13827,17408,19647,20838,18296,17203,15575,12763,10795,9497,40.88988,33.8782,24.31632,24.78353,143,186,377,423,307,302,236,258,151,144,122,120,43.74945,42.96604,1.72514,1082.00004,29.2934,29.49358,1170.58988,385,1032,385,1107,44.6328,120,423,2769,11.81667,21.76667,11.81667,20.86667,15.6,8.9,24.5,413.79686,29.11325,4.54167,17.2125,191.88246,25577
TP01,purple,121.5186,24.5311,TP,4.2,5.5,3.9,3.5,3.4,3.5,3.7,3.5,3.4,3.3,3.9,3.9,1.08,1.37,1.7,2.03,2.25,2.25,2.13,1.85,1.49,1.23,1.05,1,8,11.8,14.7,16.7,17.9,18.2,17.2,15.2,12.8,9.4,7.5,6.4,14.4,18.2,21.1,23.1,24.4,24.6,23.1,21.1,18.6,15.3,13.3,12.3,11.2,15,17.9,19.9,21.2,21.4,20.2,18.1,15.7,12.3,10.4,9.3,1198.7323,9395,11036,13831,17205,19231,20329,18151,17099,15561,12929,11173,9752,38.63153,35.67607,32.47559,33.52782,128,147,294,395,362,326,279,242,158,161,132,120,39.06044,48.97946,1.56985,1104.99985,26.4017,20.09714,1190.36971,380,967,380,1083,43.42774,120,395,2744,10.31667,20.9,10.31667,20.81667,18.2,6.4,24.6,436.25191,33.74542,6.14167,16.05417,151.26103,24817
TP02,purple,121.5186,24.5308,TP,4.2,5.5,3.9,3.5,3.4,3.5,3.7,3.5,3.4,3.3,3.9,3.9,1.08,1.37,1.7,2.03,2.25,2.25,2.13,1.85,1.49,1.23,1.05,1,8,11.8,14.7,16.7,17.9,18.2,17.2,15.2,12.8,9.4,7.5,6.4,14.4,18.2,21.1,23.1,24.4,24.6,23.1,21.1,18.6,15.3,13.3,12.3,11.2,15,17.9,19.9,21.2,21.4,20.2,18.1,15.7,12.3,10.4,9.3,1198.7323,9395,11036,13831,17205,19231,20329,18151,17099,15561,12929,11173,9752,38.63153,35.67607,32.47559,33.52782,128,147,294,395,362,326,279,242,158,161,132,120,39.06044,48.97946,1.56985,1104.99985,26.4017,20.09714,1190.36971,380,967,380,1083,43.42774,120,395,2744,10.31667,20.9,10.31667,20.81667,18.2,6.4,24.6,436.25191,33.74542,6.14167,16.05417,151.26103,24817
TR01,purple,121.4033,24.1803,TR,5.5,6.3,4.7,5.3,4.4,4.3,4.8,4.2,4.4,4.7,5.8,6,0.83,1.08,1.36,1.64,1.82,1.81,1.71,1.48,1.17,0.98,0.83,0.77,3,6,9,11.2,11.9,11.9,12,10.7,8.3,5.3,2.8,2.6,11.3,14.3,17.4,19.5,20.3,20.3,18.5,17.2,14.8,11.8,9.3,9.1,7.1,10.1,13.2,15.3,16.1,16.1,15.3,14,11.6,8.6,6.1,5.8,2040.59215,9456,11225,14244,17412,19149,20411,18042,16954,15425,12990,11233,9671,39.2883,36.43312,36.43602,40.50617,96,90,170,316,383,431,420,422,337,357,189,139,42.26902,41.08447,2.98216,901.00011,25.28966,25.90807,1163.79365,424,1130,325,1273,47.38367,90,431,3350,6.35,15.85,7.71667,15.1,17.7,2.6,20.3,394.32598,41.94915,7.425,11.60417,128.47321,37140
TR02,purple,121.4031,24.1806,TR,5.5,6.3,4.7,5.3,4.4,4.3,4.8,4.2,4.4,4.7,5.8,6,0.83,1.08,1.36,1.64,1.82,1.81,1.71,1.48,1.17,0.98,0.83,0.77,3,6,9,11.2,11.9,11.9,12,10.7,8.3,5.3,2.8,2.6,11.3,14.3,17.4,19.5,20.3,20.3,18.5,17.2,14.8,11.8,9.3,9.1,7.1,10.1,13.2,15.3,16.1,16.1,15.3,14,11.6,8.6,6.1,5.8,2040.59215,9456,11225,14244,17412,19149,20411,18042,16954,15425,12990,11233,9671,39.2883,36.43312,36.43602,40.50617,96,90,170,316,383,431,420,422,337,357,189,139,42.26902,41.08447,2.98216,901.00011,25.28966,25.90807,1163.79365,424,1130,325,1273,47.38367,90,431,3350,6.35,15.85,7.71667,15.1,17.7,2.6,20.3,394.32598,41.94915,7.425,11.60417,128.47321,37140
TR03,purple,121.3994,24.1817,TR,5.8,6.3,4.7,5.5,4.5,4.3,4.9,4.4,4.6,4.9,6.1,6.3,0.79,1.03,1.3,1.58,1.75,1.74,1.64,1.42,1.12,0.93,0.8,0.73,1.6,4.6,7.8,10.2,10.9,10.8,11.1,9.9,7.4,4.3,1.7,1.5,10.5,13.5,16.7,19,19.7,19.7,17.9,16.7,14.1,11,8.4,8.3,6.1,9,12.3,14.6,15.3,15.3,14.5,13.3,10.8,7.6,5.1,4.9,2167.77719,9432,11206,14216,17342,19056,20335,17960,16894,15360,12965,11215,9644,38.17984,36.00289,34.44665,37.25,98,90,171,316,387,450,449,454,366,392,200,144,41.95557,37.69826,2.9878,847.00017,28.14936,28.67466,1170.31185,442,1153,332,1353,48.56402,90,454,3517,5.33333,15.05,6.66667,14.35,18.2,1.5,19.7,404.38764,42.90293,7.80833,10.72083,175.11157,41507
TR04,purple,121.3989,24.1817,TR,5.8,6.3,4.7,5.5,4.5,4.3,4.9,4.4,4.6,4.9,6.1,6.3,0.79,1.03,1.3,1.58,1.75,1.74,1.64,1.42,1.12,0.93,0.8,0.73,1.6,4.6,7.8,10.2,10.9,10.8,11.1,9.9,7.4,4.3,1.7,1.5,10.5,13.5,16.7,19,19.7,19.7,17.9,16.7,14.1,11,8.4,8.3,6.1,9,12.3,14.6,15.3,15.3,14.5,13.3,10.8,7.6,5.1,4.9,2167.77719,9432,11206,14216,17342,19056,20335,17960,16894,15360,12965,11215,9644,38.17984,36.00289,34.44665,37.25,98,90,171,316,387,450,449,454,366,392,200,144,41.95557,37.69826,2.9878,847.00017,28.14936,28.67466,1170.31185,442,1153,332,1353,48.56402,90,454,3517,5.33333,15.05,6.66667,14.35,18.2,1.5,19.7,404.38764,42.90293,7.80833,10.72083,175.11157,41507
TR05,purple,121.3969,24.1822,TR,5.8,6.3,4.7,5.5,4.5,4.3,4.9,4.4,4.6,4.9,6.1,6.3,0.79,1.03,1.3,1.58,1.75,1.74,1.64,1.42,1.12,0.93,0.8,0.73,1.6,4.6,7.8,10.2,10.9,10.8,11.1,9.9,7.4,4.3,1.7,1.5,10.5,13.5,16.7,19,19.7,19.7,17.9,16.7,14.1,11,8.4,8.3,6.1,9,12.3,14.6,15.3,15.3,14.5,13.3,10.8,7.6,5.1,4.9,2167.77719,9432,11206,14216,17342,19056,20335,17960,16894,15360,12965,11215,9644,38.17984,36.00289,34.44665,37.25,98,90,171,316,387,450,449,454,366,392,200,144,41.95557,37.69826,2.9878,847.00017,28.14936,28.67466,1170.31185,442,1153,332,1353,48.56402,90,454,3517,5.33333,15.05,6.66667,14.35,18.2,1.5,19.7,404.38764,42.90293,7.80833,10.72083,175.11157,41507
TR06,purple,121.385,24.1931,TR,5.3,5.6,5.2,5,4.3,4.3,4.9,3.8,4.4,4.6,5.7,6.1,0.82,1.07,1.35,1.62,1.8,1.79,1.7,1.47,1.16,0.97,0.83,0.77,1.3,4.4,7.8,10.2,10.8,10.7,11.1,9.9,7.2,3.8,1.2,1.1,10.7,13.8,17.2,19.7,20.3,20.2,18.7,17.5,14.7,11.3,8.7,8.7,6,9.1,12.5,14.9,15.6,15.5,14.9,13.7,11,7.6,5,4.9,2161.97547,9401,11312,14188,17217,18978,20263,17988,16928,15408,12960,11230,9721,37.53084,35.07021,39.52105,46.29488,96,87,166,313,388,431,428,427,338,357,189,137,42.89823,29.40387,2.97125,829.00014,24.88491,26.50297,1250.02827,422,1132,320,1286,48.17119,87,431,3357,5.28333,15.31667,6.66667,14.68333,19.2,1.1,20.3,421.03499,44.27084,8.5,10.875,162.71851,40462
TZ01,purple,120.7344,23.0592,TZ,3,2.9,2.8,3,2.8,3.2,2.8,3,3.1,3,3.2,3.1,1.14,1.41,1.73,1.97,2.13,2.12,2.08,1.89,1.59,1.35,1.15,1.08,9.2,12.4,14.9,16,16.5,16.8,16.6,15.5,13.9,11.2,9.2,8.1,16.5,19.7,22.2,23.3,23.8,24.1,23.4,22.3,20.7,18,16,14.8,12.9,16.1,18.5,19.7,20.2,20.4,20,18.9,17.3,14.6,12.6,11.5,1328.02815,11129,12852,15129,17550,18611,19730,18421,17908,16553,14758,13367,11562,39.76074,31.64299,36.51836,39.77644,31,35,138,325,515,563,358,303,110,71,49,22,41.35899,38.26427,1.25192,1229.00008,24.47398,21.38103,1242.08391,102,1436,88,1436,92.59067,22,563,2520,12.3,20.2,13.45,20.2,16,8.1,24.1,327.27842,44.01042,7.04167,16.87917,196.74972,20493
TZ02,purple,120.7347,23.0592,TZ,3,2.9,2.8,3,2.8,3.2,2.8,3,3.1,3,3.2,3.1,1.14,1.41,1.73,1.97,2.13,2.12,2.08,1.89,1.59,1.35,1.15,1.08,9.2,12.4,14.9,16,16.5,16.8,16.6,15.5,13.9,11.2,9.2,8.1,16.5,19.7,22.2,23.3,23.8,24.1,23.4,22.3,20.7,18,16,14.8,12.9,16.1,18.5,19.7,20.2,20.4,20,18.9,17.3,14.6,12.6,11.5,1328.02815,11129,12852,15129,17550,18611,19730,18421,17908,16553,14758,13367,11562,39.76074,31.64299,36.51836,39.77644,31,35,138,325,515,563,358,303,110,71,49,22,41.35899,38.26427,1.25192,1229.00008,24.47398,21.38103,1242.08391,102,1436,88,1436,92.59067,22,563,2520,12.3,20.2,13.45,20.2,16,8.1,24.1,327.27842,44.01042,7.04167,16.87917,196.74972,20493
TZ03,purple,120.7483,23.0656,TZ,3,2.8,2.8,3.2,2.6,3.3,2.8,3.3,3.1,3,3.1,3.1,1.15,1.43,1.75,1.99,2.15,2.14,2.1,1.9,1.61,1.36,1.16,1.09,9.3,12.5,15,16.1,16.6,16.9,16.7,15.5,13.9,11.2,9.2,8.1,16.6,19.8,22.3,23.4,23.9,24.2,23.6,22.4,20.8,18.1,16.1,15,13,16.2,18.6,19.8,20.3,20.5,20.1,19,17.3,14.7,12.7,11.5,1354.55156,11145,12867,15117,17600,18597,19825,18444,17936,16558,14780,13292,11580,38.95321,32.09345,35.3357,38.78986,30,35,137,324,517,556,360,304,110,71,49,21,42.45317,33.15117,1.14928,1227.00002,25.17346,19.69072,1264.98445,100,1433,86,1433,92.56302,21,556,2514,12.38333,20.31667,13.55,20.31667,16.1,8.1,24.2,328.2968,44.09938,7.1,16.96667,206.18852,20482
TZ09,purple,120.7517,23.0678,TZ,3,3,2.8,3.3,3,3.4,3.5,3.1,3.1,3.1,3.4,3.2,1.11,1.38,1.69,1.93,2.08,2.07,2.03,1.84,1.55,1.31,1.12,1.05,8.7,11.8,14.3,15.5,16,16.3,16.2,15,13.3,10.7,8.7,7.5,16.1,19.3,21.7,22.9,23.4,23.7,23,21.8,20.2,17.5,15.5,14.4,12.4,15.6,18,19.2,19.7,20,19.6,18.4,16.7,14.1,12.1,10.9,1439.03337,11003,12791,15098,17531,18459,19739,18425,17841,16450,14722,13257,11486,38.29674,31.77613,35.45304,39.53984,34,38,142,319,484,557,327,285,108,72,51,24,43.18241,25.4377,1.30987,1203.99995,25.59109,22.59469,1253.66174,109,1368,96,1368,91.00412,24,557,2441,11.81667,19.76667,12.96667,19.76667,16.2,7.5,23.7,328.65746,43.98148,7.125,16.39583,216.1188,20269
TZ10,purple,120.7522,23.0678,TZ,3,3,2.8,3.3,3,3.4,3.5,3.1,3.1,3.1,3.4,3.2,1.11,1.38,1.69,1.93,2.08,2.07,2.03,1.84,1.55,1.31,1.12,1.05,8.7,11.8,14.3,15.5,16,16.3,16.2,15,13.3,10.7,8.7,7.5,16.1,19.3,21.7,22.9,23.4,23.7,23,21.8,20.2,17.5,15.5,14.4,12.4,15.6,18,19.2,19.7,20,19.6,18.4,16.7,14.1,12.1,10.9,1439.03337,11003,12791,15098,17531,18459,19739,18425,17841,16450,14722,13257,11486,38.29674,31.77613,35.45304,39.53984,34,38,142,319,484,557,327,285,108,72,51,24,43.18241,25.4377,1.30987,1203.99995,25.59109,22.59469,1253.66174,109,1368,96,1368,91.00412,24,557,2441,11.81667,19.76667,12.96667,19.76667,16.2,7.5,23.7,328.65746,43.98148,7.125,16.39583,216.1188,20269
TZ11,purple,120.7525,23.0678,TZ,3,3,2.8,3.3,3,3.4,3.5,3.1,3.1,3.1,3.4,3.2,1.11,1.38,1.69,1.93,2.08,2.07,2.03,1.84,1.55,1.31,1.12,1.05,8.7,11.8,14.3,15.5,16,16.3,16.2,15,13.3,10.7,8.7,7.5,16.1,19.3,21.7,22.9,23.4,23.7,23,21.8,20.2,17.5,15.5,14.4,12.4,15.6,18,19.2,19.7,20,19.6,18.4,16.7,14.1,12.1,10.9,1439.03337,11003,12791,15098,17531,18459,19739,18425,17841,16450,14722,13257,11486,38.29674,31.77613,35.45304,39.53984,34,38,142,319,484,557,327,285,108,72,51,24,43.18241,25.4377,1.30987,1203.99995,25.59109,22.59469,1253.66174,109,1368,96,1368,91.00412,24,557,2441,11.81667,19.76667,12.96667,19.76667,16.2,7.5,23.7,328.65746,43.98148,7.125,16.39583,216.1188,20269
TZ14,purple,120.7533,23.0678,TZ,3,3,2.8,3.3,3,3.4,3.5,3.1,3.1,3.1,3.4,3.2,1.11,1.38,1.69,1.93,2.08,2.07,2.03,1.84,1.55,1.31,1.12,1.05,8.7,11.8,14.3,15.5,16,16.3,16.2,15,13.3,10.7,8.7,7.5,16.1,19.3,21.7,22.9,23.4,23.7,23,21.8,20.2,17.5,15.5,14.4,12.4,15.6,18,19.2,19.7,20,19.6,18.4,16.7,14.1,12.1,10.9,1439.03337,11003,12791,15098,17531,18459,19739,18425,17841,16450,14722,13257,11486,38.29674,31.77613,35.45304,39.53984,34,38,142,319,484,557,327,285,108,72,51,24,43.18241,25.4377,1.30987,1203.99995,25.59109,22.59469,1253.66174,109,1368,96,1368,91.00412,24,557,2441,11.81667,19.76667,12.96667,19.76667,16.2,7.5,23.7,328.65746,43.98148,7.125,16.39583,216.1188,20269
TZ15,purple,120.7536,23.0678,TZ,3,3,2.8,3.3,3,3.4,3.5,3.1,3.1,3.1,3.4,3.2,1.11,1.38,1.69,1.93,2.08,2.07,2.03,1.84,1.55,1.31,1.12,1.05,8.7,11.8,14.3,15.5,16,16.3,16.2,15,13.3,10.7,8.7,7.5,16.1,19.3,21.7,22.9,23.4,23.7,23,21.8,20.2,17.5,15.5,14.4,12.4,15.6,18,19.2,19.7,20,19.6,18.4,16.7,14.1,12.1,10.9,1439.03337,11003,12791,15098,17531,18459,19739,18425,17841,16450,14722,13257,11486,38.29674,31.77613,35.45304,39.53984,34,38,142,319,484,557,327,285,108,72,51,24,43.18241,25.4377,1.30987,1203.99995,25.59109,22.59469,1253.66174,109,1368,96,1368,91.00412,24,557,2441,11.81667,19.76667,12.96667,19.76667,16.2,7.5,23.7,328.65746,43.98148,7.125,16.39583,216.1188,20269
YM01,longinux,121.5544,25.1633,YM,6.3,5.9,3.1,3.7,3.9,4.5,4,3.7,3.9,4.8,5.8,5.5,1.19,1.54,1.92,2.35,2.64,2.66,2.45,2.06,1.64,1.33,1.13,1.1,10.2,14.3,17.8,20.2,21.8,21.9,19.8,17.6,14.8,11.1,9.4,8.4,15.2,19.3,22.8,25.1,26.8,26.9,24.7,22.4,19.7,16,14.3,13.3,12.7,16.8,20.3,22.6,24.3,24.4,22.2,20,17.3,13.6,11.9,10.8,760.69343,8873,10603,13517,17145,19917,20962,18130,16900,15295,12294,10430,9142,45.06891,33.09233,23.12609,22.84902,162,177,300,411,387,273,301,265,181,207,183,162,43.27066,47.87473,1.39575,1155.00008,29.51493,22.71929,1154.94337,507,1071,501,1098,34.39068,162,411,3009,11.8,23.78333,13.45,22.41667,18.5,8.4,26.9,493.96125,26.66667,4.93333,18.075,187.0755,26032
YM02,longinux,121.5542,25.1633,YM,6.3,5.9,3.1,3.7,3.9,4.5,4,3.7,3.9,4.8,5.8,5.5,1.19,1.54,1.92,2.35,2.64,2.66,2.45,2.06,1.64,1.33,1.13,1.1,10.2,14.3,17.8,20.2,21.8,21.9,19.8,17.6,14.8,11.1,9.4,8.4,15.2,19.3,22.8,25.1,26.8,26.9,24.7,22.4,19.7,16,14.3,13.3,12.7,16.8,20.3,22.6,24.3,24.4,22.2,20,17.3,13.6,11.9,10.8,760.69343,8873,10603,13517,17145,19917,20962,18130,16900,15295,12294,10430,9142,45.06891,33.09233,23.12609,22.84902,162,177,300,411,387,273,301,265,181,207,183,162,43.27066,47.87473,1.39575,1155.00008,29.51493,22.71929,1154.94337,507,1071,501,1098,34.39068,162,411,3009,11.8,23.78333,13.45,22.41667,18.5,8.4,26.9,493.96125,26.66667,4.93333,18.075,187.0755,26032
YM03,longinux,121.5544,25.1639,YM,6.3,5.9,3.1,3.7,3.9,4.5,4,3.7,3.9,4.8,5.8,5.5,1.19,1.54,1.92,2.35,2.64,2.66,2.45,2.06,1.64,1.33,1.13,1.1,10.2,14.3,17.8,20.2,21.8,21.9,19.8,17.6,14.8,11.1,9.4,8.4,15.2,19.3,22.8,25.1,26.8,26.9,24.7,22.4,19.7,16,14.3,13.3,12.7,16.8,20.3,22.6,24.3,24.4,22.2,20,17.3,13.6,11.9,10.8,760.69343,8873,10603,13517,17145,19917,20962,18130,16900,15295,12294,10430,9142,45.06891,33.09233,23.12609,22.84902,162,177,300,411,387,273,301,265,181,207,183,162,43.27066,47.87473,1.39575,1155.00008,29.51493,22.71929,1154.94337,507,1071,501,1098,34.39068,162,411,3009,11.8,23.78333,13.45,22.41667,18.5,8.4,26.9,493.96125,26.66667,4.93333,18.075,187.0755,26032
YM04,longinux,121.5456,25.1492,YM,4.3,5.2,5,3.2,4,4.4,3.6,2.8,3.1,3.8,3.6,3.8,1.31,1.68,2.08,2.51,2.8,2.82,2.63,2.22,1.79,1.45,1.24,1.21,11.3,15.5,19.2,21.6,23.4,23.5,20.6,18.4,15.5,11.7,9.9,9,16.4,20.6,24.3,26.7,28.5,28.6,26.7,24.5,21.6,17.8,16,15.1,13.9,18.1,21.7,24.2,26,26.1,23.7,21.4,18.6,14.8,13,12.1,425.86393,9228,11030,13909,17496,20131,21213,18286,16987,15354,12418,10661,9465,42.44154,32.5259,24.25854,24.6576,170,193,309,399,350,252,301,269,189,227,208,173,42.12403,25.28729,1.1373,1225.00004,26.6665,28.01547,1229.89313,551,1001,536,1058,29.06442,170,399,3040,12.95,25.38333,14.65,23.95,19.6,9,28.6,511.73207,28.57143,5.6,19.43333,191.49555,24806
YM05,longinux,121.5542,25.1647,YM,6.3,5.9,3.1,3.7,3.9,4.5,4,3.7,3.9,4.8,5.8,5.5,1.19,1.54,1.92,2.35,2.64,2.66,2.45,2.06,1.64,1.33,1.13,1.1,10.2,14.3,17.8,20.2,21.8,21.9,19.8,17.6,14.8,11.1,9.4,8.4,15.2,19.3,22.8,25.1,26.8,26.9,24.7,22.4,19.7,16,14.3,13.3,12.7,16.8,20.3,22.6,24.3,24.4,22.2,20,17.3,13.6,11.9,10.8,760.69343,8873,10603,13517,17145,19917,20962,18130,16900,15295,12294,10430,9142,45.06891,33.09233,23.12609,22.84902,162,177,300,411,387,273,301,265,181,207,183,162,43.27066,47.87473,1.39575,1155.00008,29.51493,22.71929,1154.94337,507,1071,501,1098,34.39068,162,411,3009,11.8,23.78333,13.45,22.41667,18.5,8.4,26.9,493.96125,26.66667,4.93333,18.075,187.0755,26032